cluster	id	n	CDmVsHFDm_NES	DPNVsHFDm_NES	DIPVsHFDm_NES	E2VsHFDm_NES	PPTVsHFDm_NES	genes	size
1	Vitamin metabolism	3	-1.85624931542172	-1.51394091126884	-1.18026269192305	-1.57455231464426	-1.54557635060859	Slc5a6,Aasdhppt,Pank2,Pank4,Ppcdc,Pank1,Pank3,Ppcs,Pdzd11,Coasy,Vnn1,Fasn,Slc25a16,Lrp2,Agrn,Mtr,Apob,Akr1c19,Sdc4,Tcn2,Apoa4,Hsp90aa1,Apoe,Apoa2,Calm1,Calm2,Calm3,Sdc1,Apoc3,Sdc2,Akr1b8,Gpc4,Nos3,Akr1c6,Apoa1,Rbp4,Apoc2,Gm44805,Hspg2,Gch1,Pdss2,Ctrc,Mccc2,Sdc3,Lrp10,Gpc2,Lrp12,Mmaa,Gpc5,Gpc3,Akr1c18,Akr1c13,Akr1c20,Akr1c14,Pcca,Lrp1,Hlcs,Lrp8,Clps,Mmachc,Cyb5r3,Lrat,Akr1c12,Rdh11,Gpc1,Gpc6,Nfs1,Cd320,Rnls,Mthfd2l,Parp4,Mthfsl,Nnmt,Idh1,Abcd4,Dhfr,Enpp1,Slc2a1,Mthfd2,Slc2a3,Slc19a1,Fpgs,Cd38,Nadk,Gchfr,Acp5,Ptgs2,Parp14,Pdss1,Mthfd1l,Bst1,Slc22a13,Parp6,Slc46a1,Nadsyn1,Parp16,Slc25a32,Nmnat2,Gphn,Slc5a8,Nadk2,Parp9,Naprt,Rfk,Parp10,Thtpa,Lmbrd1,Naxe,Aldh1l1,Flad1,Nmrk1,Qprt,Mthfd1,Nampt,Slc19a3,Naxd,Shmt2,Mthfs,Slc52a3,Nmrk2,Slc52a2,Slc19a2,Tpk1,Mthfr,Mtrr,Rbp2,Akt1,Ttr,Prss2,Gm10334,Gm5771,Prss3,Try10,Try5,Try4,Prss1,Mccc1,Mmut,Pccb,Pnlip,Mmadhc,Cyb5a,Rbp1,Mocs3,Mmab,Ptgis,Cyp8b1,Abcc1,Gsto1,Gsto2,Pts,Coq2,Mocos,Aldh1l2,Slc25a19,Aox1,Mocs1	157
2	Development	5	-0.266125064646945	-1.5140677269048	-1.81138295514955	-1.11651628051427	-1.13725803421102	Kalrn,Col6a5,Itga9,Sptbn4,Rasa1,Efna4,Efna5,Efna3,Dpysl2,Ephb6,Sema3a,Gfra2,Pik3r2,Mapk12,Sdcbp,Ntn1,Sema4d,Gfra3,Efnb3,St8sia2,Pik3cd,Csnk2a2,Tyrobp,Itgb3,Nck2,Pip5k1c,Robo1,Abl1,Col4a1,Src,Hsp90aa1,Spta1,Hsp90ab1,Itga5,Ncam1,Fes,Ap2a1,Ap2a2,Ptpra,Lyn,Pik3r1,Map2k1,Mmp2,Ptk2,Ptpn11,Grin1,Ret,Dnm1,Dnm2,Fyn,Cxcl12,Mmp9,Pik3ca,Itgav,Gdnf,Cdk5,Efna1,Efnb1,Efnb2,Efna2,Ephb3,Ephb4,Ephb2,Arpc4,Actb,Cdc42,Actr2,Cdk5r1,Ap2s1,Rhob,Pfn1,Rac1,Mapk1,Plxna1,Plxna2,Plxna3,Dcc,Erbb2,Evl,Vasp,Cxcr4,Irs2,Ap2m1,Nrp1,Crmp1,Arhgef28,Nrtn,Gfra1,Vldlr,Grin2b,Prkcq,Ank1,Enah,Yes1,Col6a1,Col9a1,Siah2,Trio,Plxnd1,Grb2,Csnk2a1,Reln,Vav2,Pak3,Rhoc,Dag1,Dpysl3,Sos1,Sptbn1,Sh3gl2,Mapk3,Col4a5,Pik3r3,St8sia4,Cltc,Git1,Sptbn2,Arhgef11,Sema6d,Plxna4,Nfasc,Rnd1,Pik3cb,Dock1,Dnm3,Col6a6,Ephb1,Ngef,Pak2,Plxnb1,Unc5a,Arhgef12,Sh3kbp1,Usp33,Wasl,Arhgap35,Actr3,Nck1,Arpc5,Arpc2,Dpysl5,Dscam,Arhgef7,Gfra4,Pfn2,Arpc3,Rhoa,Gab1,Plxnc1,Col4a4,Vav3,Arpc1a,Slit2,Lypla2,Arpc1b,Gsk3b,Mapk7,Artn,Itsn1,Mapk13,Col6a2,Itgb1,Kras,Hras,Epha8,Epha4,Epha2,Epha5,Epha1,Epha7,Epha10,Numb,Myl12a,Limk1,Rap1gap,Dok2,Prkca,Dok1,Shc1,Grb7,Dok6,Pdlim7,Shank3,Grb10,Shc3,Plcg1,Frs2,Dok5,Dok4,Mapk14,Mapk11,Siah1a,Rras,Cd72,Csnk2b,Trem2,Itga2b,Tln1,Farp2,Ubb,Ubc,Rps27a,Uba52,Col4a2,Col9a3,Col23a1,Col4a3,Kif4,Actg1,Rock1,Rock2,Mapk8,Map2k2,Rps6ka5,Ezr,Ntn4,Dab1,Sema3e,Sema4a,Sema7a,Gpc1,Gap43,Tchh,Krt78,Krt83,Dsp,Pcsk6,Sprr3,Capn1,Dsg3,Dsg2,Sprr2d,Sprr2e,Sprr2f,Sprr2h,Sprr2i,Sprr2k,Capns1,Cacng2,Foxh1,Casp14,Krt1,Cela2a,Krt4,Krt8,Cdh2,Tcf3,Furin,Ctnna1,Rxra,Cdh15,Stfa3,Cdh4,Krt6a,Dsc2,Dsc1,Dsc3,St14,Rptn,Pkp1,Smad4,Krt86,Ctnnb1,Jup,Krt80,Spink5,Cdon,Krt2,Krt76,Sprr2a1,Sprr2a3,Sprr2a2,Spag9,Tcf4,Tcf12,Ctnna2,Dsg1a,Dlg4,Sprr1a,Sprr1b,Smad2,Mef2d,Pkp4,Boc,Krt77,Gm5414,Krt72,Krt87,Krt73,Dsg4,Cdsn,Krt75,Smad3,Mef2c,Lgi3,Krt79,Krt5,Krt84,Krt82,Pkp2,Klk5,Drap1,Evpl,Krt7,Krt81,Lgi1,Cacng4,Cacng3,Tgm1,Pkp3,Krt71,Adam11,Adam22,Adam23,Ppl,Lce1f,Lce1j,Lce1k,Lce3f,Lce3c,Lce1a1,Lce1m,Lce1e,Lce1b,Lce1g,Lce1c,Lce1l,Lce1a2,Lce1i,Lce1h,Lce1d,Lelp1,Krt24,Krt28,Krt36,Krt10,Krt18,Krt13,Krt19,Krt26,Krt35,Krt15,Krt31,Krt14,Krt33b,Krt32,Krt40,Krt39,Krt9,Krt33a,Krt25,Krt23,Krt20,Krt34,Krt17,Krt16,Krt27,Flg2,Perp,Bnip2,Myod1,Myog,Myf6,Myf5,Pparg,Foxo3,Klk12,Klk14,Klk13,Stx1a,Stx1b,Lgi4,Lgi2,Kazn	374
3	Hemostasis	15	1.57100274912158	0.409752913455051	0.208626942980463	1.36185245878308	0.859636009427814	Fga,Itgb3,Pdgfa,Prkca,Prkcg,Prkcb,Fgb,Fgg,Itga2b,Pdgfb,Stxbp3,Src,Fn1,Tln1,Ptk2,Rap1a,Bcar1,Vwf,Apbb1ip,Rap1b,Crk,Psg18,Apob,Angpt1,Pik3r2,Jchain,Tgfb1,Lck,Gp6,Slc3a2,Itga5,Itgb2,Vpreb2,Atp1b2,Thbd,Cd44,Spn,Bsg,F2,Fcer1g,Lyn,Pik3r1,Ceacam1,Proc,Mif,Ptpn11,Fyn,Pik3ca,Atp1b3,Shc1,Itga4,Tek,Yes1,Cd244a,Pecam1,Pros1,Psg29,Grb2,Ceacam10,Glg1,Gas6,Cd47,Itga6,Sos1,Itga3,Sdc3,Ceacam9,Jaml,Psg22,Pik3cb,Ceacam2,Ppil2,Jam3,Jam2,Pf4,Sdc4,Itgb1,Sdc1,Sdc2,Gpc1,Olr1,Dok2,Kras,Grb7,Hras,Grb14,Itgav,Fcamr,Slc7a10,Slc7a6,Slc7a9,Slc7a8,Slc7a11,Slc7a5,Slc7a7,F11r,Itgax,Igll1,Atp1b1,Procr,Sele,Slc16a8,Ppia,Mag,Cav1,Slc16a1,Slc16a3,Mmp1a,Cd74,Angpt2,Angpt4,Cd48,Ptpn6,Plcg1,Cd177,Inpp5d,Mertk,Sirpa,Cxadr,Mpig6b,F2rl2,Akap1,Serpinb8,Sh2b3,Gata2,Gp1ba,Mafg,Maff,Gp9,F2rl3,F5,Akap10,F10,Plau,Anxa2,S100a10,Prkg1,Serpinb2,Prkar1b,Fgr,F9,Gata1,F3,Plg,Gna11,Gnaq,Gata3,Klkb1,Gna13,Vav1,Kif3a,Gnb4,F2r,Gna14,Gna15,Tbxa2r,Prkar2b,Akt1,Serpinc1,Plaur,Ptpn1,Csk,Ptgir,Pla2g4a,Capza2,Capzb,Mapk14,Syk,Serpind1,P2ry1,Gng4,Gp1bb,Cdc42,Gng11,Ppp2cb,Gnb1,Gnb2,Gnb5,Rac1,Gng8,Ywhaz,Gng2,Gng3,Ppp2ca,Hist1h3g,Hist1h3h,Hist1h3i,Hist1h3a,Kifap3,Hdac2,F7,Serpina5,Hist2h3c1,Hist2h3c2,Hist1h3f,Hist1h3c,Hist1h3d,Hist1h3b,Hist1h3e,Hist2h3b,H3f3a,H3f3b,Serping1,Gata5,F8,Serpine2,Gata4,Lcp2,Serpinb6a,Vav2,Gnb3,Gngt1,Gngt2,Gata6,Serpinf2,Kif3b,Mafk,Pdpn,Pik3r3,Jmjd1c,A2m,Gnas,Kng2,Phf21a,Kdm1a,Ppp2r1a,Prcp,Ppp2r1b,Gng5,Gng5-Ps,Rbsn,F12,F13a1,Ehd2,Arrb1,Rcor1,Rapgef3,Klc3,F11,Arrb2,Sh2b1,Rad51c,Lrp8,P2ry12,Rab5a,Gng10,Gng12,Prkar1a,Klc4,Rapgef4,Pik3cg,Sh2b2,Gng13,Rasgrp2,Ehd3,Vav3,Mrvi1,Ehd1,Racgap1,Hmg20b,Rasgrp1,Pdpk1,Dgki,Dgkh,Dgkd,Dgkk,Atp2b1,P2rx6,Atp2a2,Dgka,Calm1,Calm2,Calm3,Itpr1,P2rx1,Itpr3,Slc8a1,Atp2b3,Pik3r6,P2rx3,P2rx5,Pik3r5,Trpc6,Atp2a3,Dgkb,Sri,Dgkq,Atp2b4,Dagla,Dgkz,Itpk1,Plcg2,P2rx2,Slc8a2,Atp2a1,Daglb,Dgkg,Clec1b,Atp2b2,Dgke,Trpc7,P2rx7,Itpr2,Slc8a3,F13b,Gna12,Prkaca,Jak2,Zfpm1,Zfpm2,Flna,Nfe2,Tfpi,Mapk1,Mapk3,Raf1,Lat,Hrg,Plat,Rhog,Rac2,Rhoa,Kif3c,Gnai1,Gnai2,Gnat3,Gnai3,Carmil1,Dock11,Dock5,Dock4,Dock1,Dock10,Dock8,Dock2,Dock6,Ppp2r5c,Ppp2r5e,Ppp2r5a,Ppp2r5b,Ppp2r5d,Cbx5,Hdac1,Rhob,Prtn3,Vps45,Kif5a,Kif5b,Rad51b,Kif23,Kif20a,Abcc4,Mgll,Cnksr1,Rasal2,Sptbn4,Kbtbd6,Rasa1,Syngap1,Kbtbd7,Gfra2,Dusp8,Kl,Gfra3,Nrg3,Fgf10,Fgf15,Lamtor3,Fgf18,Egf,Csf2,Il2ra,Araf,Kit,Pdgfrb,Spta1,Nefl,Ubb,Ubc,Fgf4,Camk2a,Ncam1,Fgf2,Fgf5,Fgfr1,Il2rb,Ptpra,Kitl,Il5ra,Fgf6,Fgfr2,Pdgfra,Csf2rb,Rasgrf1,Braf,Dusp1,Camk2b,Map2k1,Areg,Grin1,Ret,Irs1,Fgf7,Fgf8,Tgfa,Gdnf,Flt3l,Fgf9,Rasa2,Fgf1,Rbx1,Rps27a,Uba52,Fgf17,Phb,Ranbp9,Dlg3,Pebp1,Rasgrf2,Erbb2,Irs2,Nrtn,Gfra1,Flt3,Csf2ra,Grin2b,Egfr,Mark3,Fgfr4,Grin2d,Nf1,Dusp2,Btc,Hbegf,Hgf,Dusp5,Dab2ip,Ksr2,Ppp5c,Rasa3,Ksr1,Shc3,Ereg,Erbb3,Erbb4,Dlg4,Jak3,Sptbn1,Map2k2,Vcl,Sptbn2,Nrg1,Rasgrp3,Spred3,Dusp16,Rasa4,Camk2d,Dusp9,Lrrc7,Map3k11,Cnksr2,Dlg1,Dusp4,Shc2,Rasgrp4,Frs2,Rasal3,Rapgef2,Frs3,Dlg2,Dusp7,Camk2g,Spred2,Spred1,Epgn,Brap,Klb,Ywhab,Synj2bp,Gm20498,Dusp6,Fgf23,Fgf16,Fgf20,Dusp10,Fgf22,Lamtor2,Actn2,Gfra4,Iqgap1,Cul3,Nrg4,Artn,Rasal1,Wdr83,Paqr3,Il17rd,Il6,Cdk1,Il6ra,Il6st,Tyk2,Kalrn,Mapkapk5,Sept7,Ccnd3,Pak3,Mapk6,Cdc14a,Xpo1,Mapk4,Cdc14b,Pak2,Dnajb1,Hspb1,Cdc42ep2,Cdc42ep3,Foxo1,Foxo3,Cdc42ep5	520
4	Phagocytosis	2	-0.842176076345128	-1.85856652747469	-1.8519658396733	-0.946935336538948	-1.12582018875479	Fcgr4,Fcrl6,Myo10,Pik3r2,Abl1,Src,Hsp90aa1,Fcgr2b,Hck,Hsp90ab1,Cd3g,Fgr,Cd247,Lyn,Fcgr1,Pik3r1,Vav1,Nckap1,Ptk2,Btk,Fyn,Pik3ca,Nf2,Syk,Arpc4,Actb,Cdc42,Actr2,Abi2,Rac1,Mapk1,Actg1,Was,Yes1,Cyfip2,Grb2,Vav2,Plcg1,Mapk3,Crk,Wipf2,Cyfip1,Wasf2,Elmo2,Baiap2,Elmo1,Pik3cb,Dock1,Abi1,Plcg2,Wipf1,Nckap1l,Wasf1,Wasf3,Brk1,Wasl,Myo5a,Actr3,Nck1,Arpc5,Arpc2,Nckipsd,Arpc3,Vav3,Arpc1a,Arpc1b,Pld3,Prkce,Prkcd,Pld2,Plpp4,Plpp5,Pld4,Limk1,Myh2,Myh9,Myo1c	77
5	Extracellular matrix	6	1.03404310236048	-1.74687192338771	-0.651041527002823	0.921242029582912	1.39405467111992	Itgb4,Col6a5,Cd151,Mmp10,Ctss,Col5a1,Col4a1,Ctsl,Ctsb,Col1a1,Col2a1,Mmp3,Mmp13,Mmp9,Mmp20,Bmp1,Col8a1,Col6a1,Col9a1,Col5a2,Lamb3,Col11a1,Lama3,Col4a5,4930486l24rik,Col6a6,Dst,Plec,Col4a4,Tll2,Lox,Loxl2,Loxl1,Loxl4,Loxl3,Itga6,Col6a2,Col15a1,Col18a1,Col5a3,Col4a2,Col1a2,Col11a2,Col7a1,Col8a2,Col9a3,Col4a6,Col23a1,Col4a3,Pxdn,Adamts3,Col22a1,Col3a1,P4hb,Ppib,Col10a1,Col17a1,Col19a1,Col28a1,P3h1,Col27a1,P4ha1,P4ha2,Col12a1,Pcolce,Col14a1,Col16a1,Adamts2,Pcolce2,Col26a1,Col20a1,Crtap,Plod2,Plod3,Plod1,Col13a1,Serpinh1,Colgalt2,P3h3,P3h2,Colgalt1,Itga8,Itga9,Fga,Itgb3,Itgb5,Cdh1,Spp1,Itga5,Itgb2,Bsg,Itgb7,Itgav,Lum,Itga4,Hspg2,Pecam1,Itgb8,Itga1,Fbn1,Cd47,Madcam1,Itga2,Itga3,Tnc,Fgb,Fgg,Jam3,Jam2,Itga2b,Comp,Itgb1,Itgax,Fn1,Vtn,Ibsp,Itgae,Cd44,F11r,Icam1,Icam2,Icam5,Icam4,Itgb6,Psg18,Capn1,Adam10,Matn3,Sdc4,Mmp15,Dmp1,Mmp8,Capns1,Adam15,Sh3pxd2a,Klk1b1,Klk1b3,Klk1b4,Lamb1,Klk1b16,Tgfb1,Prss2,Klk1b8,Klk1b5,Klk1b11,Klk1,Klk1b22,Klk1b9,Sdc1,Lama1,Prkca,Plg,Cma1,Furin,Klkb1,Tgfb2,Ctsg,Ceacam1,Mmp2,Mmp12,Klk1b26,Fbln2,Sdc2,Mmp14,Eln,Ncan,Ctsk,Lama4,Tpsab1,Mmp11,Elane,Psg29,Lama2,Lama5,Acan,Lamb2,Bcan,Ceacam10,Klk1b24,Klk1b21,Adam12,Dag1,Sdc3,A2m,Ceacam9,Gm10334,Gm5771,Prss3,Try10,Psg22,Spock3,Adamts4,Ltbp1,Klk7,Ceacam2,Ctrb1,Capns2,Mmp1a,Mmp19,Klk1b27,Try5,Mfap5,Adamts5,Lamc3,Try4,Htra1,Mmp16,Fbln5,Efemp2,Prss1,Bgn,Fgf2,Dcn,Capn2,Capn5,Capn6,Capn13,Capn3,Capn11,Capn8,Capn9,Capn12,Capn10,Capn15,Capn7,Adam19,Nid2,Nid1,Ltbp3,Ltbp4,Fbn2,Scube3,Optc,Mfap1a,Mfap1b,Mfap3,Mfap4,Ctsd,Timp1,Tnn,Tnr,Ttr,Pdgfa,Pdgfb,Hapln1,Matn4,Matn1	247
6	Carbohydrate metabolism	5	-0.788451132217968	-1.82588606803861	-1.43958726311888	-0.475407182872537	-0.367206155872044	Hpse2,Hs3st4,Chst13,Agl,Hs3st1,Hyal2,Chst3,Phkg1,Calm1,Calm2,Calm3,Pfkl,Cd44,B4galt1,Phka1,Gck,Ndst2,St3gal1,B3gat3,B3gat2,Ext2,Gaa,St3gal3,Ext1,Hmmr,Dsel,St3gal2,B3gnt4,Ndst1,Chpf2,Chsy3,Hs3st6,B3gnt3,Slc9a1,Hs3st2,Chpf,Hpse,Chsy1,Chst9,Phkb,Hs6st2,Chst14,Chst2,Xylt1,Lyve1,Csgalnact1,Hs3st3a1,Dse,Hs3st5,Ust,Phka2,B4gat1,Csgalnact2,B3gnt7,B4galt7,Hs2st1,Stab2,St3gal6,Chst15,St3gal4,B3galt6,Chst12,B3gat1,Gbe1,Phkg2,Chst7,Xylt2,Chst1,Ndst3,Ndst4,Chst11,Chst5,Hs6st3,Hs6st1,Hs3st3b1,Gyg,Gys1,B3gnt2,Slc37a4,Pfkfb3,Prps1l3,Hk2,Man2b2,B3galt1,B3galt2,Pgam2,Naglu,Papss2,Gnpda1,Aldoc,Aldoa,Gpi1,Pgk2,Pgk1,Mdh1,Gapdh,Gapdh-Ps15,Eno1,Eno1b,Eno2,Hk1,Tpi1,Slc2a1,Eno3,Lalba,G6pc,Tkt,Pfkm,Rpia,Arsb,Pkm,Slc26a1,Pfkfb2,Pfkfb1,Fbp2,Khk,G6pdx,Galt,Ids,Xylb,Hk3,Papss1,Slc26a2,Sord,Gapdhs,Pfkfb4,G6pc3,Pgm1,Gns,Slc25a12,Prps1l1,Pgm2l1,Glyctk,Gale,Slc37a1,Rbks,Tkfc,Adpgk,Rpe,Hyal3,Dcxr,Aldob,Dera,Ugp2,Hyal1,Taldo1,Cryl1,Pgls,Slc25a11,Gnpda2,Prps2,Shpk,Prps1,Pgam1,Pgd,Sgsh,B3galt5,Akr1a1,Fbp1,Slc25a13,Slc25a10,Galk1,Slc37a2,Pfkp,B3galt4,G6pc2,Pck1,Agrn,Sdc4,Sdc1,Sdc2,Gpc4,Hspg2,Sdc3,Gpc2,Gpc5,Gpc3,Gpc1,Gpc6,Bgn,Dcn,Ncan,Bcan,Cspg5,Cspg4,Chp1,Pygm,Pygl,Gckr,Omd,Kera,Fmod,Lum,Acan,Ogn,Prelp,Ppp1r3c,Manba,Fut2,Slc35b2,Slc35b3,Bpgm,Abo,Hexb,Fut7,St6galnac6,Gusb	207
7	GPCR signaling	18	-1.18766115638603	-1.665665434772	-1.46709027099226	-0.714626999881595	-0.735706609766712	Ryr3,Cyb5rl,Ryr1,Ryr2,Apob,Pcsk6,Rab11fip2,Mttp,Phb2,Rnf5,Slc16a7,Clcn7,Pip,Prkaca,Apoa4,Apoe,P4hb,Apoa2,Ubb,Ubc,Calm1,Calm2,Calm3,Slc3a2,Lpl,Camk2a,Prkar1b,Atp6v0a2,Ap2a1,Ap2a2,Bsg,Furin,Cftr,Lipc,Camk2b,Gnb4,Nedd8,Prkar2b,Apoc3,Apoc1,Avp,Ldlr,Abcd1,Gng4,Atp6v1a,Atp6v1e1,Atp4b,Atp6v0d1,Stom,Pltp,Abcd3,Aqp2,Atp6v1d,Fxyd7,Gng11,Rab11a,Ap2s1,Atp6v1b2,Gnb1,Gnb2,Gnb5,Rps27a,Uba52,Gng8,Atp6v0c,Gng2,Gng3,Phb,Abcc9,Wnk1,Ap2m1,Bmp1,Vldlr,Apoa1,Vcp,Pcsk5,Fxyd2,Apoc2,Gm44805,Unc79,Cyb5r2,Cyb5r4,Wnk2,Spg7,Mcu,Slc5a6,Parl,Zdhhc8,Nr1h2,Scarb1,Gnb3,Gngt1,Gngt2,Cp,Scnn1a,Apoc4,Abcd2,Fxyd3,Tfrc,Cltc,A2m,Abcf1,Stoml3,Atp1a3,Atp1a2,Gnas,Cand1,Eif2s1,Atp6v0d2,Gng5,Gng5-Ps,Wnk4,Pcsk9,Lrrc8a,Wnk3,Erlin2,Maip1,Mylip,Atp6v1g3,Derl2,Asph,Atp6v1h,Nalcn,Wwp1,Ldlrap1,Fbxl5,Apoa5,Micu2,Afg3l2,Os9,Angptl8,Slco3a1,Micu1,Atp1a1,Erlec1,Bsnd,Slc3a1,Erlin1,Atp6v0e2,Atp6v1b1,Rnf185,Slco1a5,Atp6v0a4,Trf,Derl1,Stoml2,Eif2s2,Atp6v1c2,Raf1,Abcg5,Sar1b,Atp6v0e,Atp6v1g1,Micu3,Gng10,Pmpcb,Pdzd11,Arl2,Fxyd6,Atp6v1f,Gpihbp1,Fxyd4,Arl2bp,Atp6v1e2,Derl3,Slc22a17,Gng12,Smdt1,Cyb5r1,Prkar1a,Pmpca,Sgk3,Tcirg1,Slco1b2,Gng13,Add2,Add1,Sgk2,Angptl3,Atp6ap1,Atp6v1g2,Skp1a,Cul1,Scnn1g,Clcnka,Atp1a4,Dmtn,Sgk1,Lipa,Nr1h3,Heph,Atp6v1c1,Atp6v0a1,Angptl4,Fxyd1,Sel1l,Fkbp1b,Tsc22d3,Slc9a6,Ano3,Atp8b4,Atp2c2,Atp10b,Abcc3,Slc9a5,Abcb5,Slc4a9,Slc28a1,Abcc4,Abca12,Trdn,Slc17a3,Slc9a3,Slc39a2,Atp2b1,Slc22a1,Slc16a8,Slc6a6,Abcc1,Clcn6,Abca4,Slc32a1,Slc1a4,Aqp7,Atp10a,Atp2a2,Slc6a2,Atp9a,Hmox2,Slc22a2,Slc4a4,Slc6a18,Slc28a2,Best1,Slc22a8,Car2,Slc4a1,Car1,Slc4a2,Atp1b1,Slc2a4,Atp1b2,Slc2a2,Hmox1,Slc4a3,Slc2a1,Abcb4,Abcb1a,Emb,Slc6a9,Slc6a1,Slc6a13,Slc6a11,Slc2a3,Abca1,Slc25a4,Slc11a2,Mip,Slc25a5,Slc16a1,Slc12a2,Slc12a1,Aqp4,Aqp8,Ctns,Slc16a3,Slc26a1,Slc12a3,Pln,Slc7a10,Trpv5,Slc8a1,Slc7a3,Atp8a1,Ano9,Atp1b3,Atp9b,Atp11a,Atp8b2,Atp8a2,Aqp1,Slc7a1,Atp2b3,Atp8b1,Ano7,Slc24a2,Trpm1,Slc39a7,Slc2a9,Ttyh2,Slc17a7,Atp13a5,Slc38a5,Slc2a6,Slc2a13,Clca4b,Slc9a2,Slc22a16,Slc5a12,Slc22a15,Slc4a10,Lrrc8b,Trpm3,Slc44a5,Slc5a10,Atp13a4,Slc30a1,Trpc1,Abcb7,Trpc6,Slc9a1,Slc6a3,Clcn4,Slc20a1,Slc29a2,Kcnj11,Slc17a1,Slc26a2,Ces3a,Abcg1,Clcn1,Atp7a,Car4,Atp7b,Atp2a3,Lrrc8e,Slc13a5,Ahcyl2,Atp11b,Best3,Asic1,Sri,Ttyh3,Ano6,Ano8,Slc6a7,Camk2d,Atp2b4,Atp8b3,Asic3,Slc44a1,Trpv1,Slc39a14,Ano5,Slc39a4,Slc22a18,Abcg2,Trpm4,Asic4,Slc34a3,Slc20a2,Atp2c1,Mcub,Slc17a8,Slc2a12,Slc6a15,Clca2,Slc7a6,Best2,Nipal3,Lrrc8d,Ostm1,Slc5a7,Ano10,Aqp11,Nipa1,Slc36a2,Ano1,Slc41a1,Trpa1,Slc17a6,Nceh1,Unc80,Slc9a7,Nipal1,Slc17a5,Slc15a3,Slc43a1,Tusc3,Slc26a9,Slc9a4,Rhbg,Steap2,Tpcn2,Slc44a2,Slc5a8,Slc41a2,Slc9a9,Slc13a4,Nipal4,Slc9b1,Slc39a6,Slc24a5,Slc5a1,Pqlc2,Ano4,Slc38a2,Ano2,Slc22a12,Slc43a2,Slc24a4,Aqp12,Steap3,Trpm6,Slc26a6,Slc4a8,Slc5a11,Slc47a1,Slc45a3,Slc31a1,Slc38a1,Atp10d,Trpv3,Abca8b,Abca6,Abca5,Abca9,Slc36a1,Mcoln2,Slc8a2,Slc29a4,Slc38a4,Aqp3,Slc26a7,Abca3,Atp2a1,Slc9a8,Trpm8,Mcoln3,Abcc10,Slc14a2,Lrrc8c,Slc22a6,Slc6a20a,Slc5a9,Slc2a10,Slc14a1,Abcc2,Slc12a5,Abca7,Slc44a4,Slc39a8,Slc15a4,Abcg4,Nipal2,Trpv6,Slc24a1,Slc22a7,Slc13a3,Trpm2,Slc44a3,Slc5a2,Trpm7,Camk2g,Slc12a6,Cybrd1,Asic2,Slc8b1,Mcoln1,Slc39a3,Slc29a3,Atp13a2,Slc10a6,Abcb8,Slc50a1,Ttyh1,Slc6a19,Slc25a22,Clca1,Slc25a18,Abcg8,Slc34a2,Abcb6,Slc38a3,Atp13a1,Trpv4,Tpcn1,Rsc1a1,Slc28a3,Slc13a2,Slc13a1,Slc40a1,Abcb10,Slc2a8,Slc29a1,Slc15a1,Slc12a4,Abcb9,Nipa2,Trpm5,Aqp9,Fgf21,Slc5a3,Trpc4ap,Slc6a14,Trpc4,Rhag,Trpc5,Slc7a9,Rhcg,Slc7a8,Slc39a1,Atp11c,Clcn2,Atp2b2,Asic5,Abcc6,Abcc5,Trpv2,Slc7a11,Slc22a3,Aqp5,Scnn1b,Clcnkb,Trpc7,Slc26a3,Clcn5,Slc12a7,Slc22a5,Slc7a5,Slc7a7,Atp12a,Slc22a4,Slc8a3,Hbb-Bs,Hbb-Bt,Plg,Apobr,Azgp1,Ireb2,Atp6v0b,Lmf1,Lmf2,Avpr2,Pex19,Lcat,Hdlbp,Yme1l1,Hfe,Eif2s3x,Alb,Tfr2,Lcn2,Add3,Fth1,Slc11a1,Slc25a10,Slc30a8,Slc30a6,Slc30a5,Slc18a2,Slc18a1,Slc25a29,Lipg,Flvcr1,Aco1,Mrs2,Slc9b2,Ftmt,Gnai1,Gnai2,Kcnj2,Kcnj12,Adcy5,Adcy6,Gnat3,Gabbr2,Gnal,Gnai3,Kcnj10,Gabbr1,Kcnj16,Adcy1,Adcy7,Adcy9,Adcy8,Adcy3,Adcy4,Kcnj15,Kcnj6,Kcnj9,Kcnj5,Kcnj3,Adra2c,Ghrh,Crhr1,Vipr2,Gip,Gcg,Adcyap1r1,Vipr1,Sct,Crhr2,Calcr,Cd55,Crh,Pth2,Calcrl,Ramp1,Ramp2,Ramp3,Pth,Ghrhr,Glp1r,Ucn,Vip,Gipr,Glp2r,Gcgr,Adcyap1,Sctr,Ucn3,Ucn2,Iapp,Calca,Adgre5,Crhbp,Pth1r,Pth2r,Adm,Adm2,Gabra6,Gabrg2,Gabra2,Gabra3,Gabrg3,Gabrb1,Gabra1,Gabrb3,Gabrb2,Arhgef9,Gabra5,Gabra4,Gabrq,Lrp2,Agrn,Fpr-Rs4,Cngb1,Npffr1,C130060k24rik,Akr1c19,Rgsl1,Gm20594,Metap2,F2rl2,Cckar,Fpr3,Rgs2,Sstr5,Pik3r2,Cx3cl1,Rrh,Opn1mw,Ppef1,Sdc4,Ccr6,Rgs9,Rgs7,Cxcl13,Rdh5,Hcrt,Grk4,Nmt1,Nmt2,Gnaz,Ntsr1,Cxcr3,Fpr2,Fpr-Rs3,F2rl3,C3,Pomc,Cga,Saa1,Src,Hc,Ttr,Pde6g,Nps,Anxa1,Ppy,Cxcl2,App,Pcp2,Cxcl1,Rho,Rps6ka1,Rps6ka3,Adrb2,Sdc1,Gnao1,F2,Sag,Prkca,Gnat1,Gna11,Gnaq,Penk,Edn1,Pik3r1,Gna12,Gna13,Prkcd,Agtr1a,Tacr1,F2r,Gna14,Gna15,Sstr1,Sstr2,Ccl5,Sstr3,Tbxa2r,Rcvrn,P2ry2,Cxcl12,Tac1,Oprm1,Ptgir,Sdc2,Akr1b8,Gal,Ccr7,Tacr3,Edn3,Ednrb,Cdk5,P2ry1,Sstr4,Npbwr1,Gnat2,Cxcl5,Opn1sw,Gpc4,Ccr1,Ccr5,Cckbr,Ccr8,Npy,Hcrtr1,Sst,Cdc42,Ppp2cb,Rhob,Mapk1,Prkcg,Ppp2ca,Ntsr2,Cxcr4,Akr1c6,Oxtr,Rbp4,Egfr,Gnrhr,Hspg2,Hbegf,Rgs9bp,Fpr-Rs6,Gpsm3,Camkmt,Dhrs9,Rtp3,Grb2,Fshb,Akt2,Ppp1r1b,Psap,Arhgef1,Fnta,Ednra,Rhoc,Sos1,Trh,Mapk3,Pik3r3,Pnoc,Sdc3,Awat2,Gpsm1,Rxfp1,Kng2,Opn5,Cxcl3,Kiss1,Uts2b,Ffar1,Ppp2r1a,Ffar4,Ppp2r1b,Lrp10,Rxfp4,Rtp2,Gphb5,Reep1,Gpc2,Metap1,Cxcl16,Lrp12,Nmur2,Rtp1,Gpc5,Gpc3,Rdh1,Rln3,Plxnb1,Mchr1,Akr1c18,Reep4,Fntb,Sdr9c7,Prokr2,Grp,Akr1c13,Akr1c20,Reep2,Rdh10,Gpsm2,Ppp2r5d,Akr1c14,Lrp1,Npffr2,Lrp8,Tas1r3,Gpha2,Reep3,Grk2,Rgs18,P2ry12,Clps,Nmb,Rgs19,Rgs3,Pyy,Ppbp,Ghrl,Rtp4,Pik3cg,Lrat,Prokr1,Ccr10,Akr1c12,Reep6,Rhoa,Nmu,Rdh11,Gpc1,Uts2,Gpc6,Hsd17b6,Apln,Opn3,Rps6ka2,Ccr9,Mapk7,Pf4,Pdpk1,Rgr,Rgs11,Rgs6,Rgs21,Plcb2,Mgll,Itpr1,Cnga1,Guca1a,Plcb3,Gucy2e,Itpr3,Myo7a,Gucy2f,Dagla,Abhd6,Guca1b,Daglb,Rpe65,Abhd12,Cyp4v3,Bco1,Plcb1,Itpr2,Hebp1,Npw,Gpr31b,S1pr1,Rgs5,Rgs4,C3ar1,Ccl25,Nmur1,Npy5r,Ccl19,Gm2023,Galr3,Galr2,Ccl20,Ccl1,Ccl4,Cxcl10,Cxcl9,Ccl6,Htr1b,Drd3,Htr5a,C5ar1,Chrm4,Bdkrb2,Oprd1,Oprk1,Fpr1,Cxcr2,Agtr2,Oprl1,Grm8,Cnr1,Cnr2,Drd4,Ccl9,Ccr3,Ccr4,S1pr2,Cort,Galr1,Ackr3,Pmch,Hrh3,Tas2r118,Tas2r130,Tas2r126,Drd2,Lpar1,Ccl21a,Gm1987,Ccl21c,Loc100041504,Loc100041593,Ccl21b,Gm10591,Gm13304,Gm21541,Npy2r,Rgs16,Rgs14,Htr1f,Npy1r,Cxcr5,Grm2,Gpr183,Gpr55,Nms,Grm6,Adora1,Npy4r,Bdkrb1,Mtnr1a,Htr1d,Htr1a,Grm7,Grm4,Oxgr1,Gpr17,Tas2r131,Tas2r121,Tas2r120,Tas2r106,Tas2r140,Tas2r139,Tas2r138,Tas2r137,Tas2r136,Tas2r135,Tas2r144,Cxcr1,Rxfp3,Gper1,Rgs8,Rgs12,Gpr18,Rgs13,Npb,Plcb4,S1pr5,Hrh4,Tas1r2,Gpr37l1,Sucnr1,Tas1r1,Rgs10,P2ry13,Hcar2,Cxcr6,Lpar3,Chrm2,P2ry14,Cxcl11,Ccl28,P2ry4,Tas2r119,Tas2r108,Rgs1,Gpr37,Casr,Grm3,Rgs17,Rgs20,Insl5,Aplnr,Cx3cr1,S1pr4,S1pr3,Ccl27a,Gm13306,Gm2506,Ccl27b,Loc100861978,Ptgdr2,Npff,Qrfp,Rbp2,Cck,Pik3ca,Pde6b,Rlbp1,Hcrtr2,Nts,Mc3r,Mc4r,Mc1r,Mc2r,Lhcgr,Fshr,Tshr,Stra6,Npsr1,Pde1b,Pde1a,Pde1c,Camkk2,Camkk1,Creb1,Grk6,Grk3,Arrb1,Grk5,Arrb2,F2rl1,Mmp10,Mmp3,Kalrn,Brs3,Nmbr,Ltb4r1,Chrm1,Gnrh1,Grpr,Trhr,Edn2,Tacr2,Htr2c,Htr2a,Ptger1,Oxt,Btk,Ptgfr,Xcl1,Gast,Tac2,Hrh1,Gpr143,Adra1a,Grm1,Htr2b,Trio,Prok1,Ffar3,Grm5,Gpr65,Ptafr,Avpr1a,Gpr68,P2ry10,Lpar4,Lpar6,Gpr4,Gprc6a,Ffar2,Uts2r,Kiss1r,Cysltr2,Chrm5,Cysltr1,Ghsr,Arhgef25,P2ry6,Chrm3,Ltb4r2,Prok2,Opn4,Avpr1b,Gpr132,Arhgef12,Gpr27,Gpr25,Adrb3,Gpr83,Ptger4,Htr7,Adrb1,Ptgdr,Htr4,Hrh2,Gpr15,Pik3r6,Taar9,Taar8b,Taar6,Taar5,Taar3,Taar2,Pik3r5,Adora2a,Adora2b,Drd1,Ptger2,Gpbar1,Gpr176,Gpr150,Drd5,Gpr20,Gpr84,Arhgef6,Rxfp2,Taar1,Gpr45,Htr6,Rock1,Rock2,Olfr455,Olfr576,Olfr391-Ps,Olfr65,Olfr1245,Olfr1458,Olfr1248,Olfr1034,Olfr1366,Olfr1006,Olfr267,Olfr1023,Olfr1016,Olfr1247,Olfr1123,Olfr1032,Olfr1206,Olfr1253,Olfr1189,Olfr1097,Olfr1098,Olfr1104,Olfr1157,Olfr1234,Olfr1303,Olfr110,Olfr727,Olfr59,Olfr102,Olfr221,Olfr1496,Olfr39,Olfr918,Olfr218,Olfr585,Olfr196,Olfr68,Olfr287,Olfr723,Olfr1510,Olfr220,Olfr231,Olfr750,Olfr31,Olfr571,Olfr749,Olfr420,Olfr376,Olfr520,Olfr552,Olfr554,Olfr555,Olfr556,Olfr557,Olfr568,Olfr430,Olfr414,Olfr640,Olfr370,Olfr172,Olfr730,Olfr978,Olfr748,Olfr173,Olfr67,Olfr631,Olfr64,Olfr66,Olfr574,Olfr417,Olfr152,Olfr936,Olfr694,Olfr635,Olfr1564,Olfr237-Ps1,Olfr1022,Olfr1249,Olfr1053,Olfr191,Olfr92,Olfr224,Olfr15,Olfr1537,Olfr18,Olfr1428,Olfr90,Olfr125,Olfr733,Olfr681,Olfr1209,Olfr331,Olfr322,Olfr323,Olfr325,Olfr328,Olfr318,Olfr381,Olfr464,Olfr462,Olfr3,Olfr145,Olfr146,Olfr147,Olfr11,Olfr151,Olfr16,Olfr94,Olfr93,Olfr1509,Olfr1500,Olfr1465,Olfr1463,Olfr1434,Olfr1415,Olfr1396,Olfr1386,Olfr263,Olfr1359,Olfr1357,Olfr1356,Olfr1252,Olfr1251,Olfr1246,Olfr1211,Olfr1204,Olfr1111,Olfr1101,Olfr1057,Olfr1046,Olfr1045,Olfr1042,Olfr1031,Olfr1028,Olfr963,Olfr924,Olfr923,Olfr874,Olfr834,Olfr814,Olfr813,Olfr782,Olfr745,Olfr744,Olfr735,Olfr728,Olfr17,Olfr714,Olfr699,Olfr698,Olfr657,Olfr453,Olfr452,Olfr429,Olfr412,Olfr43,Olfr403,Olfr399,Olfr23,Olfr392,Olfr389,Olfr384,Olfr20,Olfr314,Olfr309,Olfr295,Olfr275,Olfr222,Olfr198,Olfr193,Olfr169,Olfr78,Olfr63,Olfr448,Olfr729,Olfr780,Olfr981,Olfr446,Olfr437,Olfr1461,Olfr518,Olfr186,Olfr958,Olfr1259,Olfr1269,Olfr390,Olfr692,Olfr677,Olfr1093,Olfr434,Olfr368,Olfr461,Olfr460,Olfr720,Olfr1420,Olfr1512,Olfr994,Olfr995,Olfr993,Olfr998,Olfr382,Olfr1309,Olfr1310,Olfr693,Olfr1241,Olfr1202,Olfr1254,Olfr137,Olfr722,Olfr95,Olfr96,Olfr854,Olfr850,Olfr1361,Olfr786,Olfr788,Olfr1457,Olfr1020,Olfr52,Olfr1100,Olfr695,Olfr697,Olfr700,Olfr24,Olfr984,Olfr229,Olfr986,Olfr307,Olfr308,Olfr357,Olfr355,Olfr350,Olfr1151,Olfr1155,Olfr1163,Olfr365,Olfr734,Olfr825,Olfr1423,Olfr1459,Olfr1467,Olfr1454,Olfr1462,Olfr1466,Olfr1469,Olfr1453,Olfr1448,Olfr1444,Olfr1447,Olfr1446,Olfr1451,Olfr410,Olfr502,Olfr1497,Olfr935,Olfr648,Olfr678,Olfr767,Olfr1099,Olfr508,Olfr472,Olfr473,Olfr821,Olfr715,Olfr1238,Olfr1263,Olfr1502,Olfr1240,Olfr273,Olfr109,Olfr272,Olfr982,Olfr985,Olfr161,Olfr56,Olfr330,Olfr1,Olfr808,Olfr791,Olfr796,Olfr802,Olfr790,Olfr167,Olfr354,Olfr351,Olfr1250,Olfr1242,Olfr1243,Olfr1258,Olfr1260,Olfr1257,Olfr1256,Olfr1270,Olfr38,Olfr1494,Olfr195,Olfr395,Olfr394,Olfr393,Olfr1044,Olfr1047,Olfr1038-Ps,Olfr1019,Olfr385,Olfr378,Olfr380,Olfr1416,Olfr1414,Olfr1351,Olfr57,Olfr669,Olfr683,Olfr362,Olfr589,Olfr584,Olfr646,Olfr691,Olfr449,Olfr166,Olfr641,Olfr656,Olfr558,Olfr666,Olfr980,Olfr979,Olfr577,Olfr578,Olfr713,Olfr73,Olfr103,Olfr101,Olfr459,Olfr661,Olfr703,Olfr704,Olfr705,Olfr716,Olfr27,Olfr944,Olfr943,Olfr951,Olfr948,Olfr971,Olfr933,Olfr878,Olfr937,Olfr945,Olfr954,Olfr44,Olfr19,Olfr2,Olfr71,Olfr1264,Olfr1508,Pla2g4a,Kras,Hras,Pde4b,Pnlip,Rbp1,Akt1,Akt3,Dgki,Dgkh,Dgkd,Dgkk,Dgka,Dgkb,Dgkq,Dgkz,Dgkg,Dgke,Dhrs3,Rdh12,Pde8a,Pde4a,Pde11a,Pde7a,Pde4d,Pde4c,Pde3b,Pde10a,Pde7b,Pde3a,Prlh,Ece1,Nln,Kel,Xk,Prlhr,Ackr4,Ccrl2,C5ar2,Mlx,Cacnb3,Cacna2d2,Adipor2,Prkaa2,Cacnb2,Rapgef3,Adipor1,Prkag2,Mlxipl,Rapgef4,Cd36,Acacb,Agpat1,Fasn,Acaca,Acly,Abcc8,Kcng2,Kcnb1,Kcnc2,Kcns3,Marcks,Cacna1a,Cacna1c,Cacna1d,Adipoq,Prkab2,Rap1a,Acsl3,Acsl4	1560
8	Lipid metabolism	19	-1.24174017517902	-1.16921975925501	-1.10713266572239	-1.42723806526582	-1.39667719456089	Gk,Mogat2,Agmo,Lpin1,Mogat1,Lpin3,Lpin2,Gk2,Gpat2,Gpam,Dgat2,Dgat1,Cbr4,Elovl3,Fasn,Acsl1,Acaca,Morc2a,Tecrl,Elovl5,Acsl5,Slc25a1,Acly,Acsl6,Elovl6,Tecr,Acsl3,Elovl7,Elovl2,Elovl1,Acsl4,H2-Ke6,Hsd17b12,Hsd17b3,Acsbg2,Acsbg1,Scd2,Scd1,Abcc3,Slc10a1,Rxra,Tspo,Sumo2,Ran,Kpnb1,Slc10a2,Ncoa1,Nr1h4,Ncoa2,Fdxr,Scap,Slco1a5,Stard3nl,Slco1b2,Cyp11a1,Srebf1,Gm4450,Hsd17b14,Akr1c19,Akr1b10,Ptgis,Cyp27b1,Hsd3b6,Dhcr7,Hsd17b7,Sc5d,Cyp8b1,Pomc,Cga,Cyp21a1,Cyp11b2,Akr1b7,Hsd3b1,Hsd3b2,Hsd3b3,Cyp17a1,Cyp19a1,Scp2,Akr1b3,Akr1b8,Fdx1,Hsd11b1,Hsd17b1,Hsd17b2,Hsd17b4,Hsd11b2,Sqle,Fdft1,Acot8,Ebp,Akr1c6,Hmgcr,Cyp11b1,Slc27a5,Cyp7b1,Hsd3b5,Hsd3b4,Gm10681,Cyp24a1,Cyp7a1,Srd5a1,Cyp2r1,Tm7sf2,Tspoap1,Lss,Acat2,Hmgcs1,Akr1c18,Cyp51,Akr1c13,Akr1c20,Dhcr24,Akr1d1,Akr1c14,Baat,Fdps,Mvd,Srd5a2,Fdx2,Msmo1,Pmvk,Scp2d1,Cyp27a1,Hsd17b11,Hsd3b7,Cyp39a1,Akr1c12,Acox2,Mvk,Nsdhl,Ggps1,Srd5a3,Cyp46a1,Ch25h,Alb,Fabp6,Vdr,Ube2i,Srebf2,Stard3,Plpp6,Abcb11,Slc27a2,Arv1,Idi1,Gm38481,Idi2,Pex10,Pex5,Phyh,Stx1a,Fxn,Prnp,Ubb,Ubc,Otc,App,Hmox1,Nos2,Pxmp2,Aldh3a2,Abcd1,Abcd3,Atp5g2,Cyb5a,Atp5b,Ube2d3,Ube2d1,Ube2d2a,Rps27a,Uba52,Hspd1,Vamp2,Usp9x,Pex7,Pex1,Abcd2,Coq2,Ldhd,Pex26,Sgta,Agps,Stx5a,Hscb,Pex12,Pex19,Acaa1a,Pex6,Pex13,Ndufb8,Zfand6,Pex3,Pex14,Vapa,Agxt,Ech1,Acot1,Idh1,Nudt19,Dao,Mpv17,Cat,Ephx2,Hmgcl,Crat,Gnpat,Acot5,Acot4,Paox,Ddo,Mlycd,Dhrs4,Pecr,Nudt7,Pipox,Tysnd1,Ehhadh,Lonp2,Crot,Gstk1,Acox3,Hao2,Hacl1,Acot3,Acot2,Acox1,Hao1,Eci2,Decr2,Pitrm1,Emd,Sec61g,Gm4184,Gm11575,Ube2j2,Sec61b,Otof,Serp1,Slc25a17,Gdap1,Acbd5,Pex16,Fis1,Atad1,Pxmp4,Pex11b,Mmaa,Mcat,Pcca,Hadhb,Eci1,Acadm,Acadvl,Acadl,Acads,Them4,Hadh,Echs1,Hadha,Acaa2,Acsf2,Pccb,Decr1,Them5,Mcee,Mecr,Acot9,Mmut,Ndufab1,Miga1,Ddhd1,Agpat1,Gpd1,Pla2g2a,Pla2g4a,Pld2,Lpcat1,Gpd1l,Lclat1,Pla2g4d,Pld6,Lpcat4,Miga2,Gpat3,Gpat4,Agpat2,Agpat4,Agpat5,Agpat3,Pla2g2f,Ddhd2,Pnpla5,Neu1,Sptlc1,Hexb,Glb1,Hexa,Sptlc2,Osbp,Esyt2,Esyt1,Psap,Prkd1,Ppm1l,Sumf2,Csnk1g2,Prkd2,Prkd3,Sumf1,Sptssa,Sptssb,Col4a3bp,Enpp7,Degs1,Smpd2,Ctsa,Gba,Cers1,Arsa,Galc,Smpd1,Cers3,Fa2h,Gba2,Kdsr,Smpd4,Aldh3b1,Sptlc3,Neu4,Cers6,Sphk1,Cerk,Sgpl1,Degs2,Acer1,Ormdl1,Cers2,Ormdl3,Ormdl2,Sgms2,Cers4,Cers5,Sphk2,Smpd3,Gm2a,Esyt3,Arsb,Arsi,Arsg,Arsj,Arsk,Ugt8a,Asah2,Plpp1,Sgpp2,Acer2,Plpp3,Acer3,Plpp2,Sgpp1,Neu2,Neu3,Asah1,Cptp,Pik3r2,Pip4k2a,Pik3r1,Rab4a,Arf1,Bmx,Pik3r3,Ptpn13,Pip4k2b,Rufy1,Plekha1,Rab14,Pik3cg,Mtmr9,Pik3c2b,Pten,Pik3cd,Pip5k1c,Pik3c2g,Pik3ca,Inpp5j,Pip5k1b,Pip5k1a,Pi4k2a,Pik3r6,Pik3r5,Pik3c2a,Ocrl,Inppl1,Pik3cb,Inpp5k,Pi4k2b,Mtmr3,Mtmr6,Mtmr14,Pip4k2c,Synj2,Inpp5d,Mtmr1,Mtm1,Rab5a,Plekha8,Plekha3,Plekha2,Alox5,Mapkapk2,Ltc4s,Prkaa2,Prkag2,Mid1ip1,Cyp4a29,Cyp4a30b,Cyp4a32,Cyp4a12b,Awat1,Hacd4,Cyp4a31,Cyp4f40,Faah,Abcc1,Cyp4a14,Alox8,Cyp2j6,Gpx4,Alox12b,Cyp4a10,Cyp1a1,Gpx1,Ptgs1,Lta4h,Alox5ap,Ppard,Alox15,Alox12,Cpt2,Cpt1a,Ptgs2,Cyp2c65,Acot6,Cyp2c66,Ggt1,Thrsp,Cyp1b1,Cyp4b1,Cyp4f39,Ptges2,Hacd3,Acot11,Acot7,Cyp4a12a,Fads1,Cpt1b,Cyp4f15,Acot13,Hacd2,Acot12,Acoxl,Cyp4f14,Gpx2,Hpgds,Ptges,Hacd1,Ptges3,Fads2,Ggt5,Slc25a20,Prkab2,Acsf3,Aloxe3,Ptgds,Tbxas1,Cyp2u1,Dpep1,Dpep2,Dpep3,Cbr1,Chka,Dgat2l6,Etnk2,Osbpl8,Taz,Pitpnm1,Chkb,Pcyt1a,Pla2g6,Pitpnm3,Pla2g4f,Pla2g4e,Slc44a5,Pemt,Pla2g4c,Awat2,Slc44a1,Pitpnm2,Selenoi,Crls1,Pcyt1b,Cept1,Mboat1,Pnpla2,Slc44a2,Lpcat2,Mboat7,Pnpla8,Phospho1,Mboat2,Plaat3,Plbd1,Cdipt,Lpcat3,Slc44a4,Pnpla3,Lpgat1,Slc44a3,Pcyt2,Cds2,Ptdss1,Plaat5,Etnk1,Osbpl5,Plaat1,Ptdss2,Osbpl10,Stard10,Pla2g5,Pla2r1,Pla1a,Pla2g12a,Pla2g2e,Pla2g10,Pla2g2d,Pla2g1b,Cds1,Chpt1,Mgll,Abhd4,Cidea,Ppara,Arf3,Sin3a,Sbf1,Vac14,Tbl1xr1,Pik3r4,Med1,Tbl1x,Ncor2,Pikfyve,Mtmr2,Pi4ka,Tpte,Hmgcs2,Cyp2e1,Acss3,Tnfaip8l3,Pip4p1,Cyp3a13,Inpp4b,Pik3c3,Far2,Mtmr12,Bdh1,Pi4kb,Inpp5f,Hmgcll1,Bdh2,Tnfaip8l1,Hpgd,Fig4,Mtmr4,Tnfaip8,Far1,Oxct1,Aacs,Tnfaip8l2,Sacm1l,Inpp4a,Oxct2b,Inpp5e,Oxct2a,Cyp2d22,Gde1,Cidec,Helz2,Sin3b,Smarcd3,Chd9,Tgs1,Carm1,Pnpla6,Tmem86b,Abhd3,Mtmr7,Acp6,Etnppl,Sgms1	600
9	Kinase signaling	7	-0.696325269551283	-1.5445367656924	-1.74617513605549	-1.38910334870049	-1.44642300675575	Col9a3,Ptpn3,Col6a5,Rasa1,Kidins220,Pcsk6,Mknk1,Pik3r2,Mapk12,Kl,Nrg3,Chek1,Nrp2,Hpn,Fgf10,Fgf15,Hnrnph1,Itgb3,Nck2,Fgfbp1,Stam2,Fgf18,Egf,Ngf,Ins1,Ins2,Col4a1,Lamb1,Igf1,Prkaca,Src,Kit,Pdgfrb,Lck,Hsp90aa1,Col4a2,Polr2a,Itgb1,Igf2,Ubb,Ubc,Calm1,Calm2,Calm3,Spp1,Plat,Fgf4,Insr,Ntrk2,Fgf2,Fgf5,Atp6v0a2,Prkce,Fgfr1,Fes,Ap2a1,Ap2a2,Rps6ka1,Rps6ka3,Lama1,Esr1,Pdgfa,Ntf3,Prkca,Kitl,Plg,Bdnf,Fgf6,Fgfr2,Cma1,Cbl,Furin,Tec,Lyn,Ctnna1,Pik3r1,Pdgfra,Mst1,Vav1,Nckap1,Prkcd,Ptpn6,Pdgfb,Akt1,Areg,Kras,Ptk2,Ptpn11,Irs1,Ptpn1,Ptprk,Ptpn12,Fgf7,Fgf8,Fyn,Csk,Mmp9,Stat3,Stat5a,Stat5b,Pik3ca,Eps15,Itgav,Nedd4,Yap1,Mapk14,Crkl,Tgfa,Mapkapk2,Pgf,Vegfb,Atp6v1a,Atp6v1e1,Atp6v0d1,Fgf9,Cdh5,Rab4a,Atp6v1d,Cdc42,Polr2i,Fgf1,Polr2f,Arf6,Abi2,Polr2g,Ppp2cb,Ap2s1,Atp6v1b2,Polr2l,Rps27a,Uba52,Rac1,Fgf17,Atp6v0c,Mapk1,Ppp2ca,Prkcb,Ranbp9,Lrig1,Stam,Nos3,Rock1,Rock2,Galnt3,Erbb2,Irs2,Ap2m1,Ncf4,Polr2c,Lama4,Vegfd,Vegfc,Shc1,Flt3,Vegfa,Egfr,Ctnnb1,Jup,Col6a2,Prkcz,Fgfr4,Grb7,Thbs2,Pcsk5,Yes1,Col6a1,Col9a1,Btc,Ptpn2,Hbegf,Hgf,Ncf1,Fgfbp3,Gtf2f1,Ntrk1,Rapgef1,Mapkapk3,Esrp1,Them4,Ncbp1,Cyfip2,Grb2,Lama2,Igf1r,Grb10,Akt2,Eps15l1,Vav2,Lama5,Pak3,Cdc37,Lamb3,Cybb,Shc3,Bcar1,Lamb2,Hras,Cyba,Ereg,Erbb3,Erbb4,Lama3,Plcg1,Sos1,Sh3gl1,Sh3gl2,Sh3gl3,Itga2,Itga3,Mapk3,Polr2k,Col4a5,Crk,Pik3r3,Ptk6,Ptprj,Cilp,Cltc,Nrg1,Shb,Pik3c3,Rictor,Ranbp10,Ntrk3,Ppp2r1a,Cyfip1,Ppp2r1b,Atp6v0d2,Erbin,Usp8,Polr2e,Epn1,Ntf5,Prr5,Dusp4,Flrt3,Wasf2,Rnf41,Elmo2,Mapkap1,Baiap2,Atp6v1g3,Gga3,Rbfox2,Elmo1,Pik3cb,Muc20,Dock1,Atp6v1h,Tns4,Wwp1,Rps6ka5,Frs2,Col6a6,Itch,Abi1,Polr2b,Sphk1,Pak2,Esrp2,Vrk3,Col23a1,Trib3,Gtf2f2,Sh3kbp1,Wasf1,Pik3r4,Wasf3,Pxn,Fgfrl1,Ppp2r5d,Memo1,Brk1,Frs3,Wwox,Atp6v0e2,Atp6v1b1,Dusp7,Rab4b,Atp6v0a4,Polr2h,Epgn,Atp6v1c2,Hgs,Nck1,Klb,Ncbp2,Atp6v0e,Atp6v1g1,Hnrnpm,Atp6v1f,Atp6v1e2,Cul5,Polr2d,Dusp3,Dusp6,Mlst8,Dnal4,Fgf23,Arhgef7,Fgf16,Fgf20,Fgf22,Tcirg1,Mtor,Rhoa,Ptk2b,Sh2d2a,Spry2,Spry1,Gab1,Col4a4,Col4a3,Spint1,Hgfac,Lamc3,Vav3,Atp6ap1,Atp6v1g2,Nrg4,Spint2,Akt3,Stub1,Mapk11,Rps6ka2,Mapk7,Mapk13,Atp6v1c1,Atp6v0a1,Pdpk1,Hnrnpf,Ncf2,Rap1a,Axl,Flrt1,Flrt2,Diaph1,Matk,Flt1,Tia1,Tial1,Ptpn18,Irs4,Jak2,Sh2b2,Ptpru,Sh2b3,Grap2,Fer,Grap,Stat6,Cav1,Hnrnpa1,Pdgfc,Pdgfd,Atp6v0b,Creb1,Thbs3,Thbs4,Ctnnd1,Flt3l,Mst1r,Nckap1l,Ralgds,Rap1b,Hspb1,Braf,Flt4,Shc2,Tns3,Tlr9,Atf1,Spred2,Spred1,Map2k3,Ikbkb,Ikbkg,Jun,Nfkb1,Map2k4,Map2k6,Map3k8,Fbxw11,Mapk10,Map2k7,Mapk8,Tnip2,Mapk9,Skp1a,Cul1,Fos,Atf2	392
10	PI3KAKT regulation	2	1.00420285170023	-1.61015339594727	-1.50635990210144	-1.02665202387799	-1.1318052144683	Esr2,Pik3r2,Nrg3,Fgf15,Pik3cd,Pip4k2a,Fgf18,Egf,Ins1,Ins2,Src,Kit,Lck,Fgf4,Il1rl1,Insr,Fgf2,Fgfr1,Esr1,Pdgfa,Fgf6,Fgfr2,Myd88,Pik3r1,Pdgfra,Vav1,Pdgfb,Akt1,Areg,Ptpn11,Fgf8,Fyn,Cd86,Pik3ca,Tgfa,Fgf9,Fgf1,Ppp2cb,Rac1,Fgf17,Ppp2ca,Traf6,Erbb2,Rhog,Cd80,Egfr,Fgfr4,Rac2,Btc,Hbegf,Grb2,Akt2,Ppp2r5c,Ereg,Il1rap,Irak1,Pik3r3,Nrg1,Ppp2r5b,Ppp2r1a,Ppp2r1b,Pip4k2b,Pik3cb,Il33,Phlpp2,Frs2,Phlpp1,Epgn,Fgf23,Fgf16,Fgf20,Gab1,Nrg4,Akt3,Pten,Kl,Fgf10,Strn,Pip5k1c,Pdgfrb,Fgf5,Kitl,Cd19,Cd28,Irs1,Fgf7,Pip5k1b,Pip5k1a,Irs2,Hgf,Trat1,Erbb3,Erbb4,Irak4,Pip4k2c,Klb,Pik3ap1,Fgf22,Icos,Ppp2r5e,Ppp2r5a,Ppp2r5d,Them4,Trib3,Mapk1,Mapk3	106
11	Nucleotide metabolism	3	-1.81291431629475	-0.962194367587018	-1.17800223671343	-1.50127303429263	-1.34706584254031	Rrm1,Rrm2,Nme1,Rrm2b,Txnrd1,Nt5c1a,Uprt,Cad,Ampd3,Dhodh,Entpd2,Hprt,Ada,Tk1,Tyms,Aprt,Gpx1,Umps,Pnp,Impdh2,Adssl1,Dck,Adss,Gsr,Impdh1,Uck1,Upp1,Adsl,Adk,Cda,Ctps2,Ctps,Dtymk,Xdh,Nme2,Ak8,Gmps,Entpd6,Nudt18,Ampd1,Nt5c2,Pfas,Guk1,Gart,Adal,Dnph1,Nudt15,Nudt9,Upp2,Dpyd,Ppat,Nudt13,Dctd,Upb1,Nt5c1b,Uckl1,Ak5,Adprm,Gmpr2,Tymp,Uck2,Atic,Nt5c3,Ak7,Pudp,Lhpp,Itpa,Pnp2,Cmpk1,Ampd2,Paics,Gmpr,Nudt5,Nt5c,Dguok,Ak1,Gda,Ak2,Ak4,Entpd5,Nme4,Nme3,Txn1,Glrx,Nudt1,Dpys,Nt5e	87
12	Mitochondrial respiration	8	-1.72723130179357	-0.541432048635584	-1.38529642166681	-1.81033421872373	-1.67334531689982	Pdk4,Ldhb,Bsg,Rxra,Ppard,Pdha1,Pdha2,Idh3g,Pdp1,Pdp2,Pdpr,Pdk1,Pdhx,Dlat,Sdha,Pdk3,Sdhb,Sdhc,Pdhb,Idh3a,Pdk2,Suclg1,Dld,Slc16a8,Ldhc,Ldha,Me1,Mdh2,Slc16a1,Idh2,Slc16a3,Fh1,Me3,Ldhal6b,D2hgdh,Fahd1,Adhfe1,Idh3b,L2hgdh,Hagh,Me2,Aco2,Sdhd,Cs,Suclg2,Sucla2,Vdac1,Ndufaf6,Ndufaf5,Ndufb11,Ndufa1,Nd1,Nd2,Nd3,Nd4,Nd5,Nd6,Ndufs6,Ndufb6,Ndufaf2,Ndufa12,Ndufv3,Timmdc1,Acad9,Ndufs1,Ndufs2,Ndufv1,Etfdh,Ndufa10,Ndufa5,Ndufb2,Ndufc2,Ndufa2,Ndufa3,Ndufb4,Ndufb4c,Ndufb4b,Ndufb5,Ndufb9,Ndufc1,Ndufa6,Ndufb3,Ndufab1,Ndufb7,Ndufaf7,Ndufaf1,Ndufs4,Ndufaf4,Tmem126b,Ndufb8,Ndufv2,Ndufa9,Ndufs7,Ndufa8,Ndufb10,Ndufs3,Etfb,Ndufa13,Ndufaf3,Ecsit,Ndufa7,Ndufs5,Etfa,Atp6,Atp8,Atp5j2,Atp5e,Atp5g2,Atp5g3,Atp5b,Atp5j,Atp5a1,Atp5k,Atp5c1,Atp5l,Atp5f1,Atp5g1,Atp5d,Atp5o,Atp5h,Coq10a,Ucp1,Ucp3,Ucp2,Coq10b,Slc25a27,Slc25a14,Dmac2l	128
13	Transcription	3	1.41021326670569	1.710366344149	1.35372064087089	1.38489532589575	1.32944068609885	Rtf1,Ercc2,Ell,Supt5,Gtf2h4,Polr2a,Tcea1,Nelfe,Ercc3,Mnat1,Polr2i,Polr2f,Polr2g,Elob,Polr2l,Supt4a,Eloc,Polr2c,Cdk7,Ssrp1,Gtf2f1,Ncbp1,Leo1,Ccnh,Ctr9,Supt6,Polr2k,Ccnt2,Ctdp1,Polr2e,Nelfa,Iws1,Nelfb,Eloa,Polr2b,Cdc73,Gtf2h5,Gtf2f2,Gtf2h3,Eaf2,Supt16,Nelfcd,Polr2h,Cdk9,Eaf1,Polr2d,Gtf2h1,Wdr61,Mllt1,Aff4,Gtf2h2,Ccnt1,Mllt3,Ncbp2,Taf4,Taf4b,Tbp,Taf13,Gtf2b,Taf3,Taf6,Taf9b,Taf1,Gtf2a2,Taf15,Taf5,Taf10,Taf12,Taf9,Taf11,Gtf2a1,Gtf2e1,Taf7l,Taf7,Gtf2e2	75
14	Cell cycle	16	-1.6126259549434	-1.10980827939305	-1.01941353660265	-1.0117198869486	-1.01009810542706	Cdc27,Pold2,Pole2,Orc4,Cdc6,Ubb,Ubc,Pcna,Prim1,Mcm3,Prim2,Pola2,Rfc1,Mcm4,Ccna2,Pold1,Ube2e1,Anapc1,Anapc15,Ube2d1,Rbx1,Rps27a,Uba52,Mcm2,Mcm6,Cdk2,Orc2,Ccna1,Ccne1,Mcm7,Dna2,Cdc23,Anapc5,Anapc2,Anapc10,Rfc3,Cdc16,Rpa1,Anapc4,Rfc4,Cdc26,Gins4,Anapc16,Anapc11,Pole4,Rpa3,Pold4,Mcm8,Gins1,Rfc5,Ube2c,Gins2,Pold3,Orc3,Pole3,Fzr1,Skp1a,Cul1,Rfc2,Orc5,Pole,Anapc7,Skp2,Orc1,Ccne2,Pola1,Cdt1,Gins3,Hdac1,Abl1,Src,Rb1,Ccnd1,Lyn,Ccnd2,Ccnd3,Cdk4,Cdkn1a,Cdkn1b,Wee1,Cdc25a,Cdkn1c,Cks1b,Ppp2cb,Ppp2ca,Tfdp1,Mcm10,Lin54,Rbbp4,Dyrk1a,E2f1,E2f5,Jak2,Cdk6,Ptk6,Rbl2,Ppp2r2a,Ppp2r1a,Ppp2r1b,Lin52,E2f4,Cables1,Dbf4,Cdc7,Cdc45,Rbl1,E2f3,E2f2,Lin37,Gmnn,Stag2,Cdc25b,Pds5b,Rad21,Wapl,Esco1,Esco2,Smc1a,Smc3,Stag1,Cdca5,Psmb1,Psmd4,Psmd14,Psmb10,Psmb5,Psma3,Psmc3,Psmd3,Psmd7,Psmb8,Psmb9,Psma2,Psmc4,Psme3,Psmc1,Psmc5,Psmc6,Psmb7,Psme1,Psme2,Psme2b,Psmb4,Psmd1,Psmb6,Psmd11,Psmf1,Psmd5,Psmd2,Psmd6,Psmd9,Psmd8,Psmd12,Psma6,Psma4,Psmb3,Psmb2,Psma1,Psmd13,Psma7,Psma5,Psmd10,Psme4,Psmb11,Psma8,Chek1,Bard1,Sfn,Trp53,Hist1h2bf,Hist1h2bj,Hist1h2bl,Hist1h2bn,Hist1h2bq,Hist1h2br,Hist1h2bm,Cdk1,H2afx,Brcc3,Brca1,Ube2n,Ywhag,Ywhae,Hist1h4h,Hist2h4,Hist1h4c,Hist1h4d,Hist1h4f,Hist1h4i,Hist1h4j,Hist1h4k,Hist1h4n,Hist4h4,Hist1h4a,Hist1h4b,Hist1h4m,Ywhaz,Ywhaq,Hist1h3g,Hist1h3h,Hist1h3i,Hist1h3a,Ywhah,Trp53bp1,Hist1h2ba,Babam1,Herc2,Mdc1,Uimc1,Mre11a,Atm,Hist1h2bb,Hist1h2bh,Hist2h2be,Rad17,Rad9b,Hist1h2bc,Hist1h2be,Hist1h2bg,Rnf168,Clspn,Atrip,Abraxas1,Hus1,Nsd2,Hist1h2bk,Hist1h2bp,Kat5,Babam2,Gtse1,Rnf8,Ywhab,Ube2v2,Pkmyt1,Pias4,Rad1,Nbn,Rad9a,Chek2,Cdc25c,Sumo1,Ccnb1,Ccnb2,Mbd5,Hist1h2ac,Hist1h2ad,Hist1h2ae,Hist1h2ag,Hist1h2an,Hist1h2ap,Hist1h2ab,Hist1h2ai,Hist1h2ao,Foxk1,Asxl1,Ruvbl1,Actb,Yy1,Mbd6,Tfpt,Foxk2,Hcfc1,Hist2h2ab,Hist2h2ac,Ino80d,Hist2h2aa1,Hist2h2aa2,Nfrkb,Ino80,Hist3h2a,Ino80c,Asxl2,Hist1h2aa,Hist1h2af,Hist1h2ah,Hist1h2ak,Ogt,Kdm1b,H2afj,Actr8,Mcrs1,Ino80b,Bap1,Uchl3,Adrm1,Uchl1,Uchl5,Actl6a,Nedd8,Ckap5,Cenpf,Bub1,Cenpa,Nudc,Zw10,Aurkb,Birc5,Dync1i1,Dync1i2,Mdm2,Kif2a,Rangap1,Cenpc1,Nup43,Pafah1b1,Ppp1cc,Ppp1ccb,Dynll1,Plk1,Cenpt,Spc25,B9d2,Taok1,Ppp2r5c,Ppp2r5e,Mapre1,Xpo1,Ppp2r5a,Ppp2r5b,Dync1li2,Nup98,Cenpe,Sgo2a,Clasp1,Nup107,Ercc6l,Cdca8,Rcc2,Phf20,Clasp2,Kif2b,Kntc1,Cenpu,Ahctf1,Cenpo,Zwilch,Nup133,Dync1li1,Seh1l,Nup85,Ppp2r5d,Kif18a,Clip1,Kif2c,Spdl1,Nuf2,Cenpq,Ska1,Pmf1,Itgb3bp,Cenpm,Zwint,Ska2,Nup37,Sgo1,Mis12,Dsn1,Cenpp,Nde1,Cenpn,Spc24,Cenps,Ndc80,Dynll2,Sec13,Ndel1,Ranbp2,Cenpk,Dync1h1,Cdc20,Cenph,Cop1,Mad1l1,Incenp,Bub3,Nup160,Mad2l1,Bub1b,Rps27,Rps27rt,Mdm4,Zfp385a	382
15	Chromatin organization	2	1.55102863483328	1.09702925697732	1.14146669761284	1.31202181581319	1.10670184338382	Prdm16,Arid1a,Kansl3,Brpf3,Brpf1,Setd1a,Brd1,Arid1b,Setd2,Arid2,Kmt2b,Suv39h1,Smarce1,Kdm6a,Atf2,Ccnd1,Cdk4,Kdm5c,Kmt2a,Kdm2a,Wdr5,Hist1h4h,Hist2h4,Hist1h4c,Hist1h4d,Hist1h4f,Hist1h4i,Hist1h4j,Hist1h4k,Hist1h4n,Hist4h4,Hist1h4a,Hist1h4b,Hist1h4m,Hist1h3g,Hist1h3h,Hist1h3i,Hist1h3a,Ncoa1,Hist2h3c1,Hist2h3c2,Hist1h3f,Hist1h3c,Hist1h3d,Hist1h3b,Hist1h3e,Hist2h3b,Smarcc1,Rela,Padi2,Meaf6,Kmt5a,Smarca4,Kdm4d,Kmt5b,Kmt2e,Kdm7a,Kdm5a,Ehmt1,Kdm6b,Kat7,Rbbp4,Rbbp7,Ezh2,Hcfc1,Smarcd1,Kdm5d,Msl2,Smarca2,Jade3,Prmt6,Kdm2b,Nsd3,Smarcd3,Kdm3a,Smarcc2,Msl1,Kmt5c,Dot1l,Jade1,Kdm1a,Jade2,Atf7ip,Kansl1,Phf8-Ps,Phf8,Suz12,Kdm5b,Phf20,Arid5b,Kansl2,Kat6b,Nsd2,Kdm4a,Rbbp5,Hat1,Ing4,Riox2,Setd1b,Ogt,Kdm1b,Prmt5,Padi6,Smyd2,Kdm4c,Setd7,Kdm4b,Setd3,Ash2l,Eed,Prmt3,Prmt7,Wdr77,Smarcd2,Mcrs1,Dpy30,Actl6b,Ash1l,Coprs,Smyd3,Setd6,Kat8,Ing5,Suv39h2,Jmjd6,Prmt1,Nfkb2,Phf2,Carm1,Msl3,Smarcb1,Ehmt2,Padi4,Padi3,Padi1,Aebp2,Actl6a,Hist1h2bf,Hist1h2bj,Hist1h2bl,Hist1h2bn,Hist1h2bq,Hist1h2br,Hist1h2bm,Hist1h2ba,Hist1h2bb,Hist1h2bh,Hist2h2be,Hist2h2bb,Hist1h2bc,Hist1h2be,Hist1h2bg,Hist1h2bp,Dnmt3a,Brwd1,Pax3,Nfkb1,Hist1h2ac,Hist1h2ad,Hist1h2ae,Hist1h2ag,Hist1h2an,Hist1h2ap,Hist1h2ab,Hist1h2ai,Hist1h2ao,Hist2h2ab,Hist2h2ac,Hist2h2aa1,Hist2h2aa2,Hist3h2a,Hist1h2aa,Hist1h2af,Hist1h2ah,Hist1h2ak,H2afj,Rps2	177
16	Amino acid metabolism	4	-1.7215973164041	-0.591212700935244	-1.58267227013945	-1.80323986442218	-1.8954769197282	Dld,Bckdk,Dbt,Mccc2,Ppm1k,Bcat2,Bcat1,Shmt1,Bckdhb,Hibch,Hibadh,Mccc1,Aldh6a1,Ivd,Aldh9a1,Bbox1,Auh,Acat1,Pdha1,Pdha2,Ogdh,Pdhx,Dlat,Amt,Lipt1,Gldc,Lias,Lipt2,Pdhb,Agxt,Got2,Dao,Grhpr,Hoga1,Hao1,Gcsh,Dlst,Dhtkd1,Ndufab1,Agxt2,Crym,Hykk,Slc25a21,Phykpl,Aass,Aldh7a1,Aadat,Pipox,Mtr,Oaz2,Gcat,Odc1,Slc3a2,Ass1,Oaz1,Ckb,Ethe1,Oaz3,Aspg,Duox1,Duox2,Agmat,Asmt,Gls,Tstd1,Arg2,Il4i1,Il4i1b,Hgd,Folh1,Bhmt,Gamt,Ddc,Aanat,Got1,Amd1,Otc,Glul,Pah,Tph1,Th,Glud1,Oat,Dct,Slc6a11,Tpo,Hal,Pnmt,Gm4737,Ahcy,Tst,Cdo1,Pcbd1,Sms,Sms-Ps,Sephs2,Nat8l,Gls2,Asns,Arg1,Phgdh,Srm,Ado,Rimkla,Slc6a7,Slc44a1,Carns1,Carnmt1,Gadl1,Rimklb,Enoph1,Gpt2,Chdh,Kyat1,Qdpr,Azin2,Asrgl1,Cps1,Tph2,Slc36a4,Aldh4a1,Nmral1,Tdh,Tat,Gpt,Sdsl,Aspa,Nags,Sds,Slc6a8,Uroc1,Cth,Prodh2,Kmo,Bhmt2,Cbs,Mat1a,Ftcd,Asl,Pycr2,Pycr1,Psat1,Psph,Slc25a2,Mtap,Kynu,Naalad2,Amdhd1,Iyd,Scly,Txnrd1,Gnmt,Srr,Prodh,Slc25a15,Gstz1,Aldh18a1,Slc7a5,Mtrr,Azin1,Nqo1,Ckm,Sqor,Cga,Dio1,Dio3,Pycrl,Dio2,Suox,Ckmt1,Ckmt2,Hdc,Ido1,Tdo2,Ido2,Sardh,Dmgdh,Tyrp1,Fah,Sat1,Adi1,Hpd,Rida,Serinc4,Serinc5,Serinc2,Serinc1,Serinc3,Mri1,Haao	190
17	IGF regulation	2	1.63092789801951	-1.25907839929197	1.29481499261695	1.7184717916204	1.75879252226584	Pappa2,Igfbp1,Igfbp2,Igfbp4,Igfbp6,Fam20c,Msln,Tnc,Mgat4a,Mia3,Fam20a,Pappa,Meltf,Igf1,Igf2,Apol8,Apol7b,Apol7a,Fga,Apob,Hrc,Prkcsh,Adam10,Matn3,Calu,Dmp1,Ambn,Enam,Stc2,Men1,F5,C3,C4b,Lamb1,Afp,Csf1,Alb,Hsp90b1,Apoe,Il6,P4hb,Apoa2,Spp1,Fn1,App,Timp1,Cdh2,Chgb,Lgals1,Ccn1,Bmp4,Cst3,Mfge8,Penk,Ahsg,Serpinc1,Proc,Sdc2,Scg3,Igfbp3,Serpind1,Wfs1,Amelx,Sparcl1,Apoa1,Serpina1c,Nucb1,Scg2,Rcn1,Aplp2,Igfbp5,Vgf,Apol7e,Cp,Lamb2,Fbn1,Igfbp7,Gas6,Ktn1,Itih2,Tgoln1,Fstl1,Ano8,Kng2,Pcsk9,Pnpla2,Ckap4,Qsox1,Bpifb2,Apol7c,Apoa5,Apol9b,Gpc3,Ltbp1,Spp2,Mepe,Notum,Serpina10,Vwa1,Fgg,Apol9a,Golm1,Dnajc3,Chrdl1,Trf,Tmem132a,Pdia6,Fuca2,Amtn,Prss23,Shisa5,Mxra8,Fgf23,Fstl3,Mbtps1,Bmp15	116
18	Transport	3	0.30148146557778	-0.983748017679316	-1.31171549931992	0.261713247717224	-1.44137640536769	Tbc1d25,Tbc1d16,Lrp2,Dennd5b,Dennd3,Tbc1d8b,Dennd4c,Tbc1d2,Trappc11,Tmf1,Tmed7,Golgb1,Trappc8,Sptbn4,Sbf2,Nbas,Apob,Dennd4a,Sec16a,Alpi,Sec24c,Bin1,Sec22b,Dctn1,Galnt1,Hps1,Snap23,Cnih2,Scarb2,Gosr2,Cnih1,Bet1,Ap1b1,Cops5,Rab33b,Zw10,Tpd52l1,Reps1,Trappc3,Copb2,Bloc1s1,Vamp8,Ulk1,Vamp4,Dync1i1,Dync1i2,Ap1g2,Cops3,Cops4,Cops6,Gosr1,Avpr2,Stam2,Cpd,Cope,Vti1a,Egf,Ins1,Ins2,Cd3d,Src,Cd4,Spta1,Chmp6,Ubb,Ubc,Cd3g,Il7r,Ap2a1,Ap2a2,Adrb2,Cbl,Wnt5a,Ap1g1,Gja1,Gria1,M6pr,Alppl2,Cftr,Napb,Kif3a,Nedd8,Agtr1a,Tacr1,Areg,Rab5c,Rab6a,Rab21,Rab12,Rab18,Avp,Ap1m1,Folr1,Ldlr,Dnm1,Dnm2,Eps15,Syt1,Syt2,Nsf,Vps4b,Rab11b,Capza2,Capzb,Tgfa,Gdi1,Rab7,Rab8a,Dnase2a,Cd59b,Tbc1d10a,Lman2l,Rin3,Arpc4,Rab5b,Rab10,Rab8b,Actr2,Actr1a,Cops2,Arf3,Arl1,Rab6b,Arf4,Copz1,Ap1s1,Ywhae,Arf6,Rab11a,Ap2s1,Rab1a,Rps27a,Uba52,Pafah1b1,Rab3a,Hspa8,Vamp3,Vamp2,Dynll1,Kifap3,Capza3,Stam,Arf1,Arf5,Ap2m1,Ctsc,Dab2,Egfr,Sec23a,Ank1,Btc,Hbegf,Igf2r,Trappc13,Trappc9,Dennd1b,Dennd4b,Sec24a,Aak1,Cog7,Ankrd27,Sec31a,Fcho2,Tbc1d24,Vps51,Grk3,Ankrd28,Trappc1,Vps54,D130043k22rik,Bloc1s3,Arcn1,Cttn,Grb2,Dvl2,Eps15l1,Als2cl,Fzd4,Tsg101,Pik3c2a,Pafah1b2,Cd55,Ereg,Snap91,Gdi2,Pacsin1,Kif3b,Sptbn1,Tgoln1,Tfrc,Tpd52,Sh3gl1,Sh3gl2,Sh3gl3,Col7a1,Surf4,Rab3ip,Cltc,Sptbn2,Gbf1,Cltb,Mvb12b,Ocrl,Sec24d,Dennd5a,Gapvd1,Galnt2,Mon1a,Dync1li2,Rab35,Sort1,Bnip1,Sbf1,Cnih3,Mvb12a,Tmed3,Sys1,Trappc6a,Picalm,Ap1s3,Amph,Ppp6r1,Fnbp1,Dnajc6,Madd,Pum1,Rab3gap1,Rinl,Ap4e1,Epn1,Reps2,Sec24b,Vps37d,Gns,Clvs2,Sec22a,Ubap1,Dennd6a,Rab39b,Rab39,Rab9b,Tbc1d10b,Rgp1,Mia3,Chmp2b,Rab3gap2,Mon1b,Bicd1,Yipf6,Scfd1,Cops7b,Stx16,Arrb1,Arfrp1,Sec22c,Rint1,Ston2,Dnm3,Cog5,Ldlrap1,Ccz1,Dennd2a,Vps52,Tbc1d10c,Dctn4,Vps53,Ston1,Dennd1c,Rab43,Vps37a,Epn2,Copa,Trip10,Stx5a,Fcho1,Agfg1,Trappc12,Dennd1a,Optn,Mcfd2,Rab38,Vps37b,Vps37c,Kdelr3,Dync1li1,Chmp7,Cog4,Tbc1d13,Cog6,Sh3kbp1,Cops8,Lman1l,Rabepk,Sgip1,Hip1,Stx18,Rab3il1,Rab7b,Bloc1s4,Vps4a,Rab14,Snx9,Dennd2d,Golga4,Klc3,Txndc5,Dtnbp1,Sh3d19,Gorasp1,Vps36,Sec16b,Wasl,Arrb2,Mia2,Als2,Bicd2,Rab31,Trf,Cog2,Golga2,Rin1,Ppp6r3,St5,Epgn,Pacsin3,Kdelr1,Actr3,Arfgap2,Tmed9,Hps4,Dctn2,Gak,Hgs,Grk2,Rab27b,Arpc5,Chmp3,Vps25,Trappc5,Sar1b,Rab5a,Kdelr2,0610009b22rik,Trappc2,Ppp6c,Ykt6,Vta1,Necap1,Rhobtb3,Arpc2,Golga1,Snx2,Napg,Tbc1d15,Cops7a,Snf8,Rab32,Lman1,Stx17,Dynll2,Vps28,Tmed10,Tbcb,Rab1b,Necap2,Sec13,Trappc6b,Synj2,Clvs1,Gcc1,Rin2,Chmp4c,Chmp5,Chmp4b,Arfgap3,Snx5,Dennd6b,Napa,Chmp2a,Ap1s2,Plin3,Lman2,Klc4,Csnk1d,Ap3s1,Rab13,Tsc1,Arfgap1,Tor1a,Tor1b,Rab27a,Chrm2,Trappc4,Copz2,Dync1h1,Slc2a8,Copb1,Cog8,Ap4m1,Hip1r,Rabgef1,Arpc3,Trappc2l,Copg2,Actr10,Dctn5,Chml,Copg1,Ubqln2,Rab9,Syt11,Syt8,Syt9,Tmed2,Gm10698,Arpc1a,Dctn6,Tmem115,Preb,Ctsz,Ap4b1,Pacsin2,Ap4s1,Racgap1,Ap1m2,Itsn1,Dctn3,Cog1,Tfg,Ap3b1,Uso1,Snapin,Pla2g4a,Pla2g6,Pafah1b3,Agpat3,Gabarapl2,Rab33a,Map1lc3b,Gabarap,Rab4a,Stx6,Kif13b,Kif16b,Kifc5b,Kif6,Kif23,Kif3c,Kif1c,Bet1l,Kif2a,Kif4,Kif5a,Kif20a,Kif22,Kif26a,Kif1b,Kif5b,Kif15,Kif11,Kif18b,Cenpe,Kif27,Kif26b,Kif20b,Kif2b,Kif18a,Kif2c,Kif19a,Use1,Kif12,Kifc1,Kif21b,Kif21a,Kif9,Acbd3,F5,Serpina1c,F8,Trip11,Stx4a,Bloc1s6,Tbc1d14,Tjp1,Rabgap1,Ubqln1,Tbc1d17,Scoc,Arfip2,Tbc1d20,Cyth3,Cyth2,Cyth4,Cyth1,Vps45,Rab36,Rab30,Snap29,Fth1,App,Usp6nl,Tbc1d7,Apol8,Hbb-Bs,Hbb-Bt,Apol7b,Apol7a,Saa1,Hsp90b1,Apoe,Calr,Msr1,Apoa1,Ambp,Cd36,Colec11,Apol7e,Scarb1,Hp,Apol7c,Apol9b,Apol9a,Hpx,Scgb3a2,Cd163,Stab2,Jchain,Masp1,Lrp1,Marco	530
19	Translation	17	2.01756112716048	2.28956611739901	2.26319081025651	2.06841295835106	2.36690482494671	Eif3d,Eif4a2,Rps16,Rpsa,Eif3a,Rps2,Eif3e,Eif4a1,Rps20,Rps7,Rps8,Rps15a,Rps14,Rps23,Rps18,Rps29,Rps11,Rps13,Rps4x,Rps6,Loc105244208,Rps15,Rps24,Rps25,Rps26,Rps28,Rps3,Rps27a,Eif4e,Rps17,Rps10,Rps3a1,Rps5,Eif3j1,Eif3j2,Eif4g1,Rps9,Rps27,Rps27rt,Eif2s1,Rps27l,Eif1ax,Eif3b,Eif3l,Eif3c,Eif3h,Eif3m,Eif2s2,Rps21,Rps19,Eif3k,Eif3f,Eif3i,Eif4h,Eif2s3x,Eif3g,Eif4b,Rpl3l,Srp72,Rpl35a,Rpl27a,Rpl7,Srp54a,Srp54b,Rplp0,Srp14,Rpl13a,Rpl3,Rpl12,Rpl18,Rpl28,Rpl6,Rpl29,Gm8210,Rplp1,Rpl5,Rpl13,Rpl9,Rpl26,Rpl27,Loc108167922,Rpl18a,Rpl23a,Rpl23,Loc100044627,Loc100862455,Rpl30,Rpl39,Rpl31,Rpl32,Rpl8,Uba52,Rpl22,Rpl36a,Rpl36al,Rpl19,Rpl10l,Rplp2,Rpl10,Rpl35,Srp68,Rpl24,Rpl39l,Rpl14,Rpl11,Rpl15,Rpl34,Rpl34-Ps1,Gm4705,Rpl22l1,Rpl37,Rpl37rt,Rpl4,Rpl38,Srp9,Eif2b3,Mrps12,Mrpl23,Eef1b2,Eef1d,Mrps21,Mrps6,Eif5,Gspt2,Ptcd3,Mrpl10,Eif4ebp1,Mrps31,Eif2b4,N6amt1,Mrps7,Mrps26,Oxa1l,Mtrf1l,Mrps35,Mrps27,Mrpl22,Eif2b5,Mrpl48,Gfm1,Mrpl38,Mrpl47,Mrpl58,Gspt1,Mrps18c,Gfm2,Mrpl50,Mrps23,Mrpl37,Mrps2,Eif2b1,Eif2b2,Mrps18b,Mrps18a,Mrps5,Mrpl36,Mrpl34,Mrpl27,Mrpl16,Mrpl9,Mrpl3,Mrpl1,Mrpl15,Mrpl42,Mrpl54,Mrps16,Mrpl51,Mrpl24,Mrpl49,Chchd1,Mrps17,Mrpl11,Mrpl57,Mrpl20,Mrpl18,Mrpl35,Mrpl41,Mrpl33,Mrps24,Gadd45gip1,Mrps14,Mrps22,Mrps28,Mrpl44,Mrpl55,Eral1,Mrps30,Mrpl45,Mrpl52,Mrps25,Mrpl28,Mrpl53,Mrpl14,Mrpl21,Mrpl13,Mrps33,Mrpl19,Mrrf,Mrpl2,Mrps9,Mrpl30,Eef1g,Mrpl17,Mrpl12,Mrps15,Trmt112,Mrpl32,Aurkaip1,Mrpl4,Mrpl46,Dap3,Mrps34,Mrpl39,Mrpl40,Eif5b,Mrps36,Pabpc1,Eef1a1,Etf1,Las1l,Heatr1,Emg1,C1d,Bysl,Rpp30,Ncl,Fbl,Exosc10,Bop1,Wdr36,Nol9,Isg20l2,Wdr75,Rrp36,Tex10,Ddx49,Wdr18,Utp18,Tsr1,Utp14a,Nop58,Utp14b,Pdcd11,Ltv1,Dhx37,Dcaf13,Bms1,Wdr43,Eri1,Exosc3,Mphosph10,Krr1,Wdr3,Noc4l,Nol11,Utp25,Exosc6,Pwp2,Nob1,Tbl3,Utp15,Gnl3,Ddx52,Rpp21,Rpp40,Utp4,Nop14,Nol6,Exosc2,Utp6,Imp4,Rpp25,Rrp9,Exosc4,Imp3,Riok1,Pno1,Riok2,Exosc5,Dis3,Fcf1,Ddx47,Nip7,Bud23,Utp11,Mtrex,Exosc7,Snu13,Loc100862468,Rrp7a,Mphosph6,Nop56,Exosc8,Ebna1bp2,Exosc1,Pelp1,Ftsj3,Xrn2,Csnk1d,Senp3,Pes1,Exosc9,Utp3,Ddx21,Wdr12,Rcl1,Csnk1e,Wdr46,Riok3,Upf2,Gm8994,Magoh,Smg6,Ppp2ca,Upf3a,Upf3b,Ncbp1,Smg7,Ppp2r2a,Smg5,Ppp2r1a,Smg1,Casc3,Smg8,Eif4a3,Dcp1a,Rnps1,Ncbp2,Pnrc2,Rbm8a,Smg9,Upf1	332
20	DNA repair	6	-1.61993193655619	-1.40513329723971	-1.51545842998035	-1.50362567057722	-1.75296974907466	Wrn,Rad51d,Top3a,Bard1,Blm,Brca1,Brca2,Rad51,Rtel1,Palb2,Rmi2,Brip1,Mre11a,Atm,Dna2,Rbbp8,Rad51ap1,Kat5,Rad51c,Xrcc2,Xrcc3,Rmi1,Exo1,Nbn,Rad51b,Pold2,Pole2,Ubb,Ubc,Pcna,Rfc1,Pold1,Rps27a,Uba52,Eme2,Slx4,Rad9b,Topbp1,Eme1,Atrip,Gen1,Hus1,Slx1b,Rfc3,Rpa1,Mus81,Rfc4,Pole4,Rpa3,Pold4,Rfc5,Pold3,Polh,Pole3,Polk,Rad1,Rfc2,Pole,Rad9a,Rad17,Spidr,Cul4b,Rbx1,Ube2b,Cul4a,Dtl,Ddb1,Wdr48,Usp1,Rad18,Zbtb32,Apex1,Lig1,Polb,Parp2	75
21	Biological oxidations	7	-1.7348810040276	-1.41429776805888	-1.63633074169885	-1.61564246009454	-1.81514475093297	Rxra,Ahr,Arnt,Ncoa1,Nr1h4,Arnt2,Fdxr,Cyp11a1,Cyp4a29,Cyp4a30b,Cyp4a32,Cyp4a12b,Cyp26c1,Cyp2a22,Cyp3a57,Cyp3a59,Cyp2b23,Cyp2w1,Cyp4a31,Cyp4f40,Cyp3a25,Cyp4a14,Cyp2j6,Cyp26a1,Cyp4a10,Cyp1a1,Cyp2a4,Cyp2f2,Cyp2a12,Cyp2e1,Cyp2c65,Ahrr,Cyp2c66,Cyp3a11,Cyp4b1,Cyp3a13,Cyp3a16,Cyp26b1,Cyp4f39,Cyp4a12a,Cyp4f15,Cyp2u1,Cyp2c55,Cyp2s1,Cyp4f14,Cyp3a44,Cyp2d22,Cyp3a41a,Cyp3a41b,Cyp46a1,Ncoa2,Fdx1,Fdx2,Cyp39a1,Mtr,Gclm,Tpst1,Tpst2,N6amt1,Mat2b,Slc35d1,Ugt1a5,Glyatl3,Gsto1,Sult2b1,Tpmt,Nnmt,Ugdh,Papss2,Comt,Sult6b1,Gss,Slc26a1,Sult4a1,Gclc,Mat2a,Papss1,Slc26a2,Ugt1a1,Oplah,Acsm2,Chac1,Acsm1,As3mt,Mat1a,Glyat,Ugp2,Chac2,Cndp2,Ggct,Sult1c2,Trmt112,Sult1b1,Esd,Mtrr,Podxl2,Ugt1a10,Ugt1a6b,Ugt1a2,Ugt3a1,Ugt1a9,Ugt1a6a,Ugt2a2,Ugt1a7c,Ugt2a1,Ugt2b35,Ugt2a3,Ugt3a2,Ugt2b34,Ugt2b1,Acsm4,Acsm5,Gm4737,Ahcy,Bpnt1,Slc35b2,Slc35b3,Gsta1,Gstm2,Gstp1,Gsta3,Gstm5,Gstt2,Gstt1,Gstm7,Gsto2,Gstm4,Hpgds,Gstz1,Mgst2,Mgst1,Mgst3,Acy3,Acy1,Hsp90ab1,Marc2,Marc1,Cyb5r3,Ptges3,Adh6b,Ces2h,Ptgis,Cyp27b1,Cyp8b1,Adh1,Pomc,Cyp21a1,Cyp11b2,Ptgs1,Aldh1a1,Adh5,Cyp19a1,Aldh2,Aldh3a1,Fmo1,Fmo3,Cyp11b1,Cyp7b1,Cyp1b1,Adh7,Cyp7a1,Cyp2r1,Cyp51,Fmo2,Cbr3,Ces1d,Cyb5b,Aldh1b1,Cyp4v3,Adh4,Aip,Ces3a,Maoa,Maob,Bphl,Cmbl,Aadac,Ephx1,Tbxas1,Acss2,Acss1,Aoc3,Aoc2,Akr7a5,Akr1a1,Abhd10	186
22	Complement cascade	2	1.86216022767498	1.90413607542671	2.05451746093226	2.21046648084784	2.15408661445039	C7,Gm4788,C3,C4b,Hc,Cfh,C4bp,C1qb,F2,C2,Cd19,Vtn,Cd59b,Serping1,C1qa,C1qc,Clu,Pros1,Elane,Cfhr2,Cfi,Cd55,C8b,C1ra,C8a,C8g,Cpn2,Cpb2,Cpn1,C9,C3ar1,Cd46,Cd81,C5ar2,Sez6l2,C5ar1,C1s2,Gzmm,Fcna,Fcnb,Cfd,Crp,Mbl2,Masp1,Colec11,Colec10,Vwa1,Masp2	48
23	RNA metabolism	8	1.9238567926303	1.96125374256177	1.81125129318644	1.455856112238	1.67912231408229	Thoc2,Ddx23,Gm8994,Nup153,Srsf11,Tpr,Dhx16,Pcf11,Alyref,Eftud2,Cpsf2,Dhx15,Srsf5,Hnrnph1,Lsm2,Dhx9,Hnrnpa2b1,Polr2a,U2af2,Snrpb,Hnrnpa1,Fus,Snrpa1,Aaas,Nup43,Pcbp1,Polr2i,Polr2f,Magoh,Hnrnpk,Snrpe,Snrpf,Snrpg,Lsm3,Lsm6,Snrpd1,Snrpd2,Snrpd3,Lsm5,Polr2g,Polr2l,Ybx1,Tra2b,Hspa8,Crnkl1,Snrpn,Hnrnph2,Elavl1,Phf5a,Txnl4a,Srsf3,Slbp,Polr2c,Gtf2f1,Usp39,Cwc27,Srsf6,Puf60,Mettl14,Sf3b2,Upf3b,Ncbp1,Prpf38a,Srrm1,Ddx46,Gpkow,Thoc6,Hnrnpd,Elavl2,Wbp4,Papola,Pcbp2,Srsf2,Snrpa,Snrpc,Snrnp70,Nup62,Polr2k,Isy1,Cdc5l,U2surp,Dnajc8,Zc3h11a,Snrnp200,Srsf1,Snrnp40,Nup98,Bud31,Nup188,Lsm8,Thoc7,Nxf7,Nup214,Polr2e,Dhx38,Ddx42,Hnrnpa3,Poldip3,U2af1l4,Smndc1,Nup107,Slu7,Rbm22,Cstf2,Nup93,Thoc5,Srsf7,Cpsf4,Srrm2,Nup54,Cpsf7,Mettl3,Rae1,Cwc22,Cstf2t,Prpf31,Pabpn1,Nup88,Ppwd1,Polr2b,Aqr,Cherp,Sugp1,Ccar1,Nupl2,Rbm17,Snrnp27,Casc3,Pom121,Wdr33,Sf3a1,Sf3b4,Hnrnpl,Gtf2f2,Nup133,Seh1l,Gle1,Nupl1,Thoc1,Nup85,Nup35,Ndc1,Hnrnpul1,Ddx39,Thoc3,Hnrnpu,Hnrnpr,Snrnp25,Eif4a3,Pqbp1,Rbmxl1,Rbm5,Prpf6,Fyttd1,Sf3b3,Prpf3,Plrg1,Sf3b5,Wbp11,Polr2h,Nxf1,Prpf19,Cstf1,Cstf3,Clp1,Rnps1,Srrt,Nup155,Prpf8,Ncbp2,Nudt21,Snrpb2,Lsm7,Zmat5,Snw1,Cd2bp2,Ctnnbl1,Nup37,Rbm8a,Hnrnpa0,Ppil4,Chtop,Zcrb1,Mtrex,Srsf9,Hnrnpm,Snu13,Loc100862468,Ppil1,Syf2,Sarnp,Sec13,Bcas2,Snrnp48,Snrnp35,Sf3a3,Ppil3,Polr2d,Fip1l1,Ppih,U2af1,Prpf4,Cwc25,Cdc40,Xab2,Cpsf1,Prcc,Wtap,Tfip11,Ranbp2,Cwc15,Nup50,Lsm4,Cpsf3,Nup210,Ppie,Nxt1,Srsf10,Prpf40a,Rbmx,Nup160,Ddx39b,Hnrnpc,Hnrnpf,Sart1,Rnpc3,Gcfc2,Eif4e,Zfp473,Lsm11,Lsm10,Upf2,Las1l,Tut4,Rpl3l,Ttc37,Heatr1,Ercc2,Emg1,Anp32a,C1d,Bysl,Rpl35a,Supt5,Rngtt,Gtf2h4,Rpp30,Ncl,Ubb,Ubc,Eif4a2,Rpl27a,Rps16,Rpl7,Rpsa,Hspb1,Rplp0,Hspa1b,Rpl13a,Prkca,Zfp36l1,Rps2,Rpl3,Prkcd,Pabpc1,Akt1,Fbl,Rpl12,Rpl18,Rpl28,Rpl6,Rpl29,Gm8210,Rplp1,Rpl5,Rpl13,Ercc3,Rpl9,Apobec1,Mnat1,Ddx6,Exosc10,Tnks1bp1,Eif4a1,Rps20,Rpl26,Rpl27,Loc108167922,Smg6,Rps7,Rps8,Rps15a,Rps14,Rps23,Rps18,Rps29,Rps11,Rps13,Rps4x,Rpl18a,Rpl23a,Rps6,Loc105244208,Rpl23,Loc100044627,Loc100862455,Rps15,Rps24,Rps25,Rps26,Rps28,Rpl30,Rpl39,Rpl31,Rps3,Rpl32,Rpl8,Rps27a,Uba52,Ywhaz,Rps17,Rps10,Ppp2ca,Rpl22,Rpl36a,Rpl36al,Rpl19,Rpl10l,Rps3a1,Bop1,Rps5,Smn1,Rplp2,Cdk7,Gspt2,Wdr36,Nol9,Khsrp,Isg20l2,Wdr75,Rrp36,Edc4,Upf3a,Tex10,Ddx49,Wdr18,Tut7,Smg7,Utp18,Tsr1,A1cf,Cnot7,Ccnh,Hspa1a,Utp14a,Pan3,Hbs1l,Nop58,Utp14b,Pdcd11,Ltv1,Eif4g1,Dhx37,Ppp2r2a,Xpo1,Gemin4,Dcaf13,Bms1,Smg5,Cnot1,Wdr43,Rps9,Rps27,Rps27rt,Rpl10,Rpl35,Rps27l,Ppp2r1a,Eri1,Exosc3,Mphosph10,Tnpo1,Krr1,Eif4b,Pan2,Cnot10,Wdr3,Gemin8,Noc4l,Nol11,Smg1,Rpl24,Cnot4,Utp25,Exosc6,Pwp2,Nob1,Etf1,Gemin5,Tnfsfm13,Tbl3,Cnot2,Utp15,Gnl3,Prmt5,Cnot3,Edc3,Gtf2h5,Ddx52,Cnot6,Rpp21,Gspt1,Rpp40,Utp4,Nop14,Nol6,Exosc2,Lsm1,Utp6,Gtf2h3,Parn,Smg8,Paip1,Cnot6l,Imp4,Rpp25,Rrp9,Dcp1a,Exosc4,Imp3,Riok1,Tgs1,Wdr77,Apobec3,Pno1,Rpl39l,Gemin2,Rps21,Riok2,Ywhab,Rpl14,Pnrc2,Exosc5,Dis3,Fcf1,Cnot11,Ddx47,Gemin7,Gemin6,Nip7,Rpl11,Bud23,Dcp2,Utp11,Rpl15,Rps19,Exosc7,Rrp7a,Mphosph6,Rpl34,Rpl34-Ps1,Gm4705,Nop56,Exosc8,Tnfsf13,Rpl22l1,Rpl37,Rpl37rt,Rpl4,Cnot8,Ebna1bp2,Exosc1,Smg9,Gtf2h1,Pelp1,Ftsj3,Xrn2,Csnk1d,Senp3,Upf1,Pes1,Set,Wdr61,Exosc9,Utp3,Gtf2h2,Ddx21,Wdr12,Rpl38,Rcl1,Ddx20,Cnot9,Csnk1e,Apobec2,Wdr46,Dcps,Snupn,Skiv2l,Rnmt,Patl1,Riok3,Zfp36,Nt5c3b	503
24	Adaptive immune system	5	-0.591487210943417	-1.67704511636088	-0.985551517031766	-1.09220585140576	-1.06995440489699	Smurf2,Cdc27,Rnf19b,Rap1gap,Ubr4,Klhl41,Fbxl16,Herc3,Gm11127,H2-M5,Cd101,Lrr1,Rnf217,Klhl3,Kbtbd6,Lmo7,Fbxl18,Herc1,Ube4a,Herc6,H2-M1,Fbxw9,H2-T24,Gm8909,Sec24c,Ifitm7,Trip12,Ankrd12,Kbtbd7,Sec22b,Ube3a,Dctn1,Pik3r2,H2-Q1,H2-M9,H2-M10.1,H2-Ob,Ap1b1,Socs1,Socs3,Pik3cd,Klrd1,Klrk1,Nfkbie,Wsb1,Lat,Pja1,Lnx1,Itgb5,Ctss,Vamp8,Ubr1,Ikbkb,Dync1i1,Dync1i2,Ikbkg,Birc6,Spsb2,Lgmn,Grap2,C3,B2m,H2-Q10,H2-K1,Cd3d,Cd74,Prkaca,Src,Lck,Cd4,H2-T23,Ctsl,Prkg1,Ubb,Ubc,Calm1,Calm2,Calm3,Cd8b1,Ctsb,Itgb2,Itpr1,Cd79a,Cd3g,Calr,H2-Q7,Cd79b,Ctsa,Ap2a1,Ap2a2,Ctsd,Sell,Hspa5,Tap1,Cd3e,Ap1g1,Cd247,Nfkb1,Lyn,Cd19,Pik3r1,Cd40lg,Pdia3,Vav1,Kif3a,Ptpn6,Ptpn22,Cd28,Akt1,Nectin2,Ptpn11,Cd22,Canx,Ap1m1,Btk,Dnm1,Dnm2,Fyn,Vhl,Csk,Cd86,Pik3ca,Zap70,Nedd4,Capza2,Capzb,Syk,Ctsh,Rnf19a,Rab7,Ccnf,Ube2e1,Ube2e3,Anapc1,Ctsk,Btbd1,Ripk2,Ube2g2,Cdc42,Ube2d3,Ube2d1,Ube2m,Ube2k,Ube2n,Siah1a,Actr1a,Ap1s1,Ube2g1,Ube2h,Ppp2cb,Ap2s1,Ube2d2a,Elob,Rbx1,Fbxo40,Rps27a,Uba52,Rac1,Vamp3,Ywhaz,Ube2b,Dynll1,Ppp2ca,Ube2l3,Prkcb,Kifap3,Capza3,Traf6,Itpr3,Ctse,Stx4a,H2-Q6,Eloc,Arf1,Ap2m1,Ncf4,Ctsc,Rbbp6,Xdh,Cd80,Itga4,Sec23a,Uba1,Prkcq,Pdcd1,Itk,Rela,Yes1,Mex3c,Siah2,Map3k8,Ncf1,Gm7030,Trim71,Malt1,Pilra,H2-M3,H2-T22,Fbxo31,Cblb,Hace1,Pag1,Sec24a,Klhl21,Hectd3,Fbxo7,Dtx3l,Sec31a,Kbtbd8,Them4,H2-Eb2,H2-Q2,Herc2,Fbxl7,Unkl,Trim41,Fbxw11,Rap1gap2,Rnf123,Nfatc2,Grb2,Nfkbib,Lcp2,Akt2,Ppp2r5c,Pak3,Trpc1,Cybb,Ppp2r5e,Cyba,Kif3b,Madcam1,Map3k7,Plcg1,Sos1,Sh3gl2,Ppp3r1,Pik3r3,Ptprj,Cltc,Sh3rf1,Ltn1,Fbxo27,Hecw2,Fbxo41,Sec24d,Rasgrp3,Ube2j2,Kdm2b,Herc4,Fbxl19,Trim37,Ppp2r5a,Ppp2r5b,Dync1li2,Rnf220,Klhl5,Rictor,H2-M2,Ubr2,Ube2o,Klhl9,Ube2r2,Znrf2,Ppp2r1a,Fbxo22,Huwe1,Ap1s3,Ppp2r1b,Fbxo11,Dzip3,Fbxo10,Btla,Ube2q1,Klhl13,Dcaf1,Pja2,Ube3c,4930486l24rik,Jaml,Fbxo2,Trim36,Trim69,Lrsam1,Sec24b,Trim50,Prr5,H2-M10.6,H2-M10.3,H2-M10.5,H2-M10.4,H2-M10.2,Klhl42,Fbxl21,Cdc23,Fbxl4,Rnf41,Fbxl14,Kctd7,Fbxo30,Fbxo9,Fbxo44,Rnf144b,Mapkap1,Mylip,Ctso,Kctd6,Pik3cb,Anapc5,Ube2cbp,Dnm3,Glmn,Anapc2,Wwp1,Lnpep,Fbxl5,Rnf182,Fbxl3,Asb14,Fbxl22,Trim9,Uba6,Kbtbd13,Itch,Uba3,Ank2,Gan,Dctn4,Ufl1,Fbxl13,Hectd2,Klhl11,Cdc34,Trim32,Arel1,Fbxo4,Fbxl8,Plcg2,Pak2,Card11,H2-Q4,Klhl2,Pvr,Asb2,Lrrc41,Anapc10,Btbd6,Ube2q2,Trib3,Anapc13,Dync1li1,Klhl25,Cdc16,Mib2,Sh3kbp1,Spsb4,Fbxw7,Asb13,Rapgef3,Klhl20,Fbxo21,Ubac1,Ube2w,Uba5,Cul7,Rnf130,Asb17,Traip,Znrf1,Ppp2r5d,Klc3,Fbxl15,Ube2e2,Anapc4,Osbpl1a,Rnf126,Asb10,Asb9,Asb8,Asb7,Asb6,Cd209a,Ube2s,Ubox5,Ifitm2,Klhl22,Cdc26,Tab2,Dctn2,Rnf34,Nck1,Rnf111,Raf1,Trim11,Fbxo32,Anapc11,Asb11,Sar1b,Rnf138,Ywhab,Ifitm3,Rchy1,Smurf1,Ube2f,Fbxl20,Mgrn1,Det1,Rnf115,Dynll2,Ifitm1,Asb5,Ube2c,Tbcb,Sec13,Ube2v2,Cul2,Spsb1,Cul5,Asb12,Atg7,Ap1s2,Uba7,Klc4,Rnf6,Mlst8,Cd274,Fbxl12,Rapgef4,Ube3b,Trim39,Rnf114,Slamf6,Icosl,Dync1h1,Rnf14,Cbll1,Cdc20,Ube2j1,Mtor,Cul3,Fbxw4,Rasgrp2,Hcst,Blnk,Fbxw5,Actr10,Dctn5,Fbxo17,Fbxo6,Rnf25,Rnf4,Ube2l6,Ctsf,Fzr1,Tapbp,Ppl,Rlim,Skp1a,Cul1,Rnf7,Akt3,Rbck1,Dctn6,Stub1,Pdcd1lg2,Asb1,Racgap1,Anapc7,Ap1m2,Icos,Prkn,Bcl10,Dctn3,Skp2,Nfkbia,Arih2,Rasgrp1,Ube2a,Pdpk1,Keap1,Itpr2,Pten,Npepps,Trat1,Tpp2,Thop1,Blmh,Pik3ap1,Rap1a,Rap1b,Cd8a,Tap2,Kir3dl2,Klrc3,Klrc2,Klrc1,Cd81,Kif23,Kif3c,Kif2a,Kif4,Kif5a,Kif20a,Kif22,Kif26a,Kif5b,Kif15,Kif11,Cenpe,Kif2b,Kif18a,Kif2c,H2-Oa,Raet1e,Itgav,Snap23,Cd1d1,Ctla4,Ppp3cb,Ppp3ca,Icam1,Icam2,Icam5,Icam4,Stim1,Cd34,Cd40,Tnfrsf14,Crtam,Cd226,Rilp,Ncf2,Btn1a1,Itgb1,Itgb7,Map3k14,Npdc1,Pianp,Clec4g,Lag3,Fyb,Was,Kras,Hras,Cxadr,Dapp1,Cd96,Btn2a2,Sh2d1a,Sh2d1b2,Inpp5d,Tyrobp,Shc1,Vav2,Trem2,Vav3,Siglec15,Sirpa,Cd300lb,Siglecg,Cd300e,Trem1,Clec5a	563
